Math_Skill,Coding_Interest,Creativity,Communication,Logical_Thinking,Tech_Interest,GPA,Study_Hours_Per_Day,Teamwork,Problem_Solving,Recommended_Field
Medium,Medium,Medium,Medium,High,High,3.6783570765056166,10.798710873172007,Medium,High,Cyber Security
Medium,High,Low,Low,Low,High,3.7708678494144077,6.849267365825538,Low,Medium,Cyber Security
Low,Medium,Low,Low,Medium,Low,4.0,6.119260739840348,High,Medium,Data Science
Low,Medium,High,Low,Medium,Medium,3.291514928204012,2.0,Medium,Low,Web Development
Medium,Medium,High,Low,High,Medium,3.822923312638332,4.39644662722718,High,Medium,Web Development
Low,Low,Low,Low,Medium,High,3.3929315215254094,9.7869707708435,Low,Medium,Data Science
Medium,Medium,High,High,Low,Medium,2.899606407753696,12.0,Low,High,Web Development
Medium,Medium,Medium,Medium,Medium,Medium,2.433717364576454,8.270343603363939,High,High,Data Science
High,Low,Medium,Low,Low,High,2.8652628070325243,9.09910543063867,High,Medium,Artificial Intelligence
Low,Low,Medium,Medium,Medium,Medium,2.581280021792983,2.0,Low,High,Data Science
Medium,Medium,Medium,Low,Medium,Low,3.288291153593769,12.0,Medium,Medium,Data Science
High,High,High,Medium,Medium,High,2.567135123214872,5.395199209384799,Medium,Medium,Web Development
High,High,High,High,Low,High,3.6609811357830173,12.0,Low,High,App Development
High,Medium,Medium,Low,Low,High,2.6133598776711007,5.621624363820864,Medium,High,Data Science
High,Low,High,Medium,High,Low,2.0,5.471927606330498,High,Low,Web Development
Low,Low,Medium,Medium,High,High,2.9088562353795138,5.395821566925296,High,Medium,Cyber Security
High,Medium,Medium,Low,Medium,High,3.493584439832788,7.697163992771102,Medium,High,Data Science
Low,High,Medium,High,Medium,Medium,3.287123666297637,11.032228331891357,Medium,High,Data Science
High,Medium,Medium,High,High,Low,3.2859879622393944,5.35930538361136,Medium,Low,Data Science
Medium,High,High,High,Low,High,2.963848149332354,6.848331892803833,Medium,Medium,App Development
Medium,Medium,Low,Low,Low,Low,3.0728243844607768,4.0456709760709995,Low,Low,Data Science
Low,Medium,Low,Medium,Low,Medium,3.4571118497567324,6.852599992122842,Medium,Medium,Data Science
Low,Low,Medium,Low,Medium,Medium,2.2437641023439623,6.951290815478034,High,High,Data Science
Low,Medium,Medium,High,Low,Medium,3.117625906893272,8.284540717223727,Medium,Medium,Data Science
High,High,High,Medium,Low,High,2.117808637737408,12.0,Medium,High,App Development
High,Medium,Medium,High,High,Medium,3.195461294854933,7.872647339348064,Medium,Medium,Data Science
Medium,Low,High,Medium,Medium,Low,2.9445032112888483,10.0760069563364,Medium,Medium,Web Development
Low,High,High,High,Medium,High,3.427849009172836,10.240062653436521,High,Medium,App Development
Medium,High,Low,High,High,Medium,3.149680655040598,11.227035945460832,Medium,Low,Data Science
Medium,Low,Medium,Low,Low,Medium,2.7641531251033618,3.9544148696031893,High,Low,App Development
Medium,Medium,High,Medium,High,Low,2.889146693885302,7.4852469251533105,High,Low,Web Development
High,Low,High,Medium,High,High,3.636139092254469,7.662831852244821,Low,Medium,Cyber Security
High,High,Medium,Medium,Low,Low,2.263251387631033,8.79844624521056,High,Medium,Data Science
Low,High,Low,Low,Low,Medium,2.8711445355220495,11.294391879405481,High,Low,Data Science
High,Low,High,Low,Medium,Medium,3.391272456051594,7.033627075401252,Medium,Medium,Web Development
High,Low,Medium,Medium,Medium,Low,2.319578175014489,5.147973526580065,High,Low,Data Science
Medium,Medium,High,Medium,High,Medium,3.574431797502378,8.548468673995316,Medium,Medium,Web Development
Medium,Low,High,High,Low,Low,2.0,7.071250239580359,Medium,Low,Web Development
Medium,Medium,Medium,High,Medium,Low,2.1859069755507847,2.448903637119944,High,Medium,Data Science
Medium,Low,High,Medium,High,High,2.238430617934562,12.0,Medium,High,Web Development
High,Low,High,High,Medium,Low,3.1792332899977054,5.367855382915738,Medium,High,Web Development
Low,High,Medium,High,Medium,High,3.145684140594985,8.08223147426212,Medium,Medium,Data Science
Low,High,Medium,Medium,High,Medium,3.40217585880588,8.157361666862592,High,High,Data Science
Low,High,Low,Medium,High,Medium,3.4794481522053555,10.922983060998584,Low,Medium,Data Science
Low,Low,Medium,Low,Medium,Low,3.150739004816286,2.654745400118361,Low,High,Data Science
High,High,Medium,High,High,Medium,2.770077895802646,10.767319874973344,Medium,Medium,Data Science
High,High,High,Medium,Medium,Medium,3.149680614520106,5.30464575682684,High,High,App Development
Medium,Low,High,Medium,Medium,Medium,3.3285611131094575,4.8472156860315,High,Medium,Web Development
High,Low,High,Low,High,High,3.271809144784231,10.953080699451792,High,Low,Cyber Security
Low,High,Medium,High,Medium,High,2.9984799223186327,6.760182708294902,High,High,Data Science
Low,Medium,High,Medium,Low,Low,4.0,2.0,Low,Medium,Web Development
High,High,Medium,Medium,High,Medium,2.5574588597918417,3.7916070668748176,High,Medium,Data Science
Low,Low,Medium,High,High,Low,3.5815389998470204,11.98806037256548,Medium,Medium,Web Development
Medium,Low,High,Low,Medium,High,2.4258381444204344,5.521347531647814,Medium,Medium,Web Development
Low,High,Medium,Medium,Low,Low,3.0854997612479753,4.89938969230916,Medium,Low,Data Science
Low,Medium,Low,Low,Medium,High,3.2656400595580988,9.656753264123896,High,Medium,Data Science
Medium,High,Low,Low,Low,High,2.9203912383886808,11.948891858017111,High,High,Data Science
Medium,High,High,High,Low,Medium,3.245393812074393,4.345458038518729,Medium,Medium,App Development
Medium,High,Medium,Medium,High,Medium,2.6956317157017815,5.087200309188864,High,Medium,Data Science
Medium,High,Medium,High,High,High,3.6177725635611795,3.258771335827788,Low,Medium,Artificial Intelligence
Medium,High,Low,High,High,Medium,2.1004128810773546,4.54339742129669,Low,Medium,Data Science
Low,Medium,Medium,High,Medium,Medium,3.6671705116680915,2.0,Medium,High,Data Science
High,Medium,High,High,High,Low,3.166832512996986,5.297531400744208,High,Low,Artificial Intelligence
High,Low,High,Medium,Medium,Low,2.371896687959665,2.5205724424438003,High,High,Web Development
Medium,Low,Low,High,High,Low,2.8662629111970985,5.2751181171937365,Medium,High,Data Science
Low,Medium,Low,Low,High,Medium,3.3481200142854117,3.7606602107477123,High,Medium,Data Science
Medium,Medium,Medium,Medium,Low,Medium,3.363994939209833,4.410637048558188,High,Low,Data Science
Low,Low,Medium,Low,Medium,Low,2.581766448946012,7.32165357475704,Medium,Medium,Data Science
Low,Low,Medium,High,High,High,3.580818012523817,6.064597597376217,Low,Low,Cyber Security
Low,Low,High,High,Low,Medium,2.6374401226974378,5.693007763461431,High,Medium,Web Development
Low,Low,Medium,High,High,Low,2.3106978027542064,3.9061588422416316,High,Medium,Data Science
Medium,High,High,High,Low,Low,3.0890182832329844,7.954081654446243,Medium,Medium,App Development
Low,Low,Medium,Low,Medium,High,2.3520869804450246,11.153643782120511,Low,High,Data Science
High,Low,High,High,High,Medium,3.9923218279070025,2.0,Medium,Low,Web Development
Low,High,High,High,High,High,2.4601274479551276,7.99253363889428,High,High,Artificial Intelligence
Medium,Medium,High,Medium,High,Medium,3.760951252187612,2.0,Low,Low,Web Development
Low,Low,Low,Medium,Low,Low,3.9435235341190857,2.0,Medium,High,Data Science
High,Low,High,High,Low,High,3.220496324767066,6.143769678068175,Low,Low,Web Development
High,Low,Medium,Medium,Medium,High,2.2958803882677508,12.0,Medium,Medium,Data Science
High,Low,Low,High,High,Medium,2.3662155426995537,5.7004434842269855,Medium,High,Data Science
Low,Medium,Low,Low,Medium,Medium,3.3401640560812442,6.302695731184281,High,Medium,Data Science
Low,Medium,Low,Medium,Medium,High,3.7085562857558734,9.301484591363144,High,Low,Data Science
High,Medium,Medium,Medium,Medium,Medium,2.788947022370758,2.0,Low,Low,Data Science
Low,Low,Low,High,Low,Medium,3.070864890863176,12.0,Medium,High,Artificial Intelligence
Low,Medium,High,Low,Medium,High,2.0,5.763870904463106,Low,Low,Web Development
Medium,Medium,Medium,Low,High,Low,2.8791214782077317,5.8600832943821395,High,Low,Data Science
Medium,High,High,High,High,High,3.207701058851037,5.060566908063684,High,Low,Artificial Intelligence
Low,Medium,Low,High,Low,High,2.854375554829842,7.477578318053027,Low,Medium,Data Science
Low,Medium,Low,Medium,High,Medium,2.0,2.481915708358594,Low,Medium,Data Science
High,High,High,Medium,Medium,Low,2.706633716556678,8.607300301830044,High,Low,App Development
Medium,Medium,Low,Medium,Low,High,3.89853877467402,6.856797481171872,Medium,High,Data Science
Medium,Low,Medium,High,Medium,Medium,3.2943224952664445,10.92555552698032,High,High,Data Science
High,Medium,Low,Low,High,Medium,2.878973453061324,12.0,Medium,Low,Data Science
Medium,Medium,Low,Medium,Low,Low,3.7161689267011155,2.103891771614599,Medium,Medium,Data Science
Medium,Low,Low,High,Low,Medium,3.063945923433921,11.46528015443116,Low,Medium,Data Science
Low,Medium,Low,Medium,Medium,Medium,2.8382425259339406,10.838566839782835,Medium,Low,Data Science
High,Low,High,Medium,High,Low,2.668060138532288,9.15727038063218,High,High,Web Development
Low,Medium,Low,High,Low,Low,2.2105276360899455,2.0,Low,Low,Data Science
Low,Medium,Low,Medium,Medium,Low,2.84255672832123,3.8326553494049627,High,Low,Data Science
Low,Medium,High,High,High,Low,2.4927064333124265,3.692976951795986,High,High,Web Development
High,High,Medium,High,Medium,Low,2.772314628974793,9.996020219719306,High,Low,Data Science
High,Low,High,High,High,Low,3.10967733861732,2.0,High,High,Web Development
Medium,High,Medium,Medium,Medium,High,2.5486427417366158,12.0,Low,High,Cyber Security
Medium,Medium,Low,Medium,Medium,High,2.6588613653891904,2.0,Low,Medium,Data Science
Low,Medium,Medium,High,Medium,High,2.2693571441669955,6.216365633475032,Medium,Medium,Data Science
Low,Medium,High,High,Low,High,2.5220254284072694,6.920188145748938,Low,High,Web Development
High,High,High,Medium,Medium,High,4.0,8.22554781012514,Low,Medium,App Development
High,Medium,Medium,High,Medium,Medium,3.9672889064159196,9.893168873652687,Low,Low,Data Science
Low,High,High,Medium,Medium,Low,3.718775195361382,7.7524620786083895,Low,Low,App Development
High,Medium,High,Low,Medium,Low,2.712777042116916,6.828062707733572,Low,Medium,Web Development
Low,Medium,Medium,High,High,High,2.0,6.6186351984733065,Medium,High,Cyber Security
Low,High,High,Medium,High,High,2.826743062275392,6.434865746359446,Medium,Low,Artificial Intelligence
Medium,Low,High,Low,Low,Low,3.0401151049705133,12.0,Low,High,Web Development
Low,Medium,High,Low,High,Medium,3.531621056242643,10.991363775945208,Low,Medium,Web Development
Medium,Low,Low,High,Medium,Medium,2.243819517609438,9.300837810287153,Medium,Low,Data Science
Medium,Low,High,Medium,Low,Medium,3.370773671166807,8.729922004932451,High,Low,Web Development
High,High,High,Medium,Low,Low,3.0726441151473782,10.80683117047655,Low,Medium,App Development
Low,High,Medium,High,Low,Medium,2.745660981190234,4.88476240593283,Medium,Medium,Data Science
Medium,Medium,Low,Medium,High,Medium,3.7514114072575104,4.402198093429934,Low,Low,Data Science
High,Low,Low,Medium,Medium,High,3.3559665163433867,12.0,High,Medium,Data Science
Medium,Low,Medium,High,High,High,3.4155159735215235,12.0,High,High,Cyber Security
High,Low,Low,Low,High,Medium,2.0,8.374060611120761,Low,High,Data Science
Low,Medium,Low,High,Medium,High,2.831397155468049,12.0,Low,High,Data Science
Medium,Medium,High,Low,High,Medium,2.4090744686038597,5.713990174539033,High,Low,Web Development
Medium,Medium,Low,High,Medium,High,3.083428546900136,8.266863064602193,High,High,Data Science
Low,Medium,High,Medium,Medium,Medium,4.0,9.707309213962624,Medium,High,App Development
Medium,Medium,Medium,Medium,High,High,2.3347318374346555,4.605270930478067,High,Medium,Cyber Security
Low,Medium,Low,Medium,High,High,2.326851135198614,2.0,Medium,Medium,Cyber Security
Medium,Low,Medium,High,High,Low,2.589825682543821,2.8717233068140158,High,Medium,Data Science
Medium,Low,High,High,Low,Low,3.2682621729419004,7.657524820606961,Low,Medium,Web Development
Medium,Medium,Medium,Low,Low,High,2.0,5.642714430900547,Low,Low,Data Science
Low,Low,High,Low,High,High,3.284281487403014,4.84384150847057,Medium,Low,Cyber Security
Medium,Medium,Medium,High,High,Medium,2.0,8.227422538117294,Medium,Medium,Data Science
Low,High,Low,Low,High,Low,2.6767962153175904,5.907068603027959,Medium,High,Data Science
Medium,Low,Low,Low,High,Low,3.2202878828830985,5.511686729418702,High,High,Data Science
Medium,High,Low,Low,High,Medium,3.27496720250877,11.928174336576713,Medium,Low,Data Science
High,High,Medium,Low,Medium,Medium,2.2283733538318815,12.0,Medium,Low,Data Science
Medium,Low,High,Medium,Low,Medium,2.5389692418971626,5.544784369726016,Medium,Medium,Web Development
Medium,Medium,Medium,Medium,High,High,3.946758608684835,3.1948001396997157,Medium,High,Cyber Security
Low,High,Low,Medium,High,Medium,2.3745678417830227,11.402345484621799,High,Medium,Data Science
Medium,Medium,Low,Medium,Medium,Medium,3.4237299673020645,10.404872993280016,Low,Low,Data Science
Low,Low,Medium,Low,Medium,Low,3.6835713771412135,4.751413626623239,Medium,Low,Data Science
High,Low,Low,Low,Low,High,2.0,8.699888825934945,Low,Medium,Data Science
Low,Low,Low,High,Low,High,2.442316929266152,7.251152906943085,High,High,Data Science
High,Low,Low,Medium,Medium,Low,3.2999413971242113,4.65385635143226,Low,High,Data Science
High,Medium,Low,Medium,Low,Low,3.940911435888655,8.031158095162937,Medium,Low,Data Science
High,Low,Medium,Low,High,Medium,2.0,7.807449826209596,Low,Medium,Artificial Intelligence
High,Medium,High,Medium,Medium,High,2.0,3.1198982348114117,Low,Medium,Web Development
High,Low,Medium,Low,Medium,Low,3.670970782808449,10.189010126449944,Medium,High,Data Science
Medium,High,High,Medium,Low,Medium,2.4184923366165934,8.306077303363345,Medium,Medium,App Development
Medium,Low,High,Low,Medium,Low,3.935246425172938,10.017215301087385,Medium,Low,Artificial Intelligence
Low,High,High,Low,High,Low,2.213224104748488,2.0,Medium,Low,App Development
Low,Low,High,High,Medium,Medium,2.0699876392107543,2.0,High,Low,Web Development
Low,High,Medium,Low,Low,Medium,3.436126848580501,9.353820413185005,Medium,High,Data Science
Low,High,High,Low,Medium,Low,3.5965362366493405,10.284030320272738,Medium,Low,Web Development
Medium,Low,High,High,Low,Medium,2.0,10.019634178685271,High,Low,Web Development
High,High,High,Medium,Medium,Medium,3.2728872555723783,5.623699309644552,High,Medium,App Development
Medium,Medium,High,Medium,High,Medium,3.0369164604558936,10.504871610688618,High,Low,Web Development
High,Medium,Medium,Medium,High,High,2.0,8.963530973983188,Low,High,Cyber Security
Low,High,Medium,Medium,Low,High,3.7782768043169153,4.3503372329827545,High,Low,Data Science
High,Medium,Medium,Low,High,High,2.792659164886339,7.001188570252856,Low,Low,Cyber Security
Low,High,High,High,Low,Medium,4.0,12.0,High,Medium,App Development
Low,High,High,Low,Medium,Low,4.0,8.220855066472808,High,High,App Development
High,Low,Low,Medium,Medium,Low,2.7296588408241447,2.0,Medium,High,Data Science
Medium,Medium,High,Low,Medium,Medium,3.631688064622161,4.045140864019281,Low,High,Web Development
High,Low,High,Medium,Medium,High,3.3563904634682493,6.879504812678546,Low,Low,Web Development
Medium,High,Medium,High,High,Low,4.0,12.0,Low,Medium,Data Science
Medium,High,Medium,High,High,Low,3.3883964913269735,4.12781824010472,Low,Low,Data Science
Low,High,Medium,Medium,Low,High,2.0,7.189508683330573,Medium,Medium,Data Science
Low,Medium,Medium,Low,Low,Low,3.0831319178212557,9.706831117560615,Low,Medium,Artificial Intelligence
Medium,High,High,Medium,Medium,High,2.2052427851872385,3.5178571795735305,Low,Low,Cyber Security
High,Medium,Low,High,High,Medium,2.0,2.5623828479387516,Medium,Medium,Data Science
Medium,High,Low,High,Medium,Low,3.5014491452929484,8.208402207903752,High,High,Data Science
High,High,Medium,Low,Low,High,2.9805759874083217,10.874813744200956,High,Medium,Data Science
High,Medium,Medium,High,High,High,3.6783453996650097,2.0,Low,Medium,Cyber Security
High,Medium,Low,Low,Medium,Medium,3.1935916245180116,3.4386498462664523,Medium,High,Data Science
High,High,Low,High,Low,Low,2.876500945938954,2.0,Low,High,Data Science
Low,Low,High,Low,High,Low,3.606767038578658,8.803320746410499,Medium,Medium,Web Development
Low,Low,High,Medium,Medium,Low,3.417671583381022,2.022817785698165,Medium,High,Web Development
High,Medium,Medium,Low,Low,High,4.0,2.0,Medium,Low,Data Science
Low,Low,High,High,Low,Medium,3.3628336738825033,7.359788302306956,Low,Medium,Web Development
Low,Low,High,High,Low,Medium,2.5514212217918586,10.784004572689199,High,Low,Web Development
Medium,Medium,High,High,Low,High,3.4145537509694437,7.836633212004626,Medium,Low,Web Development
Low,High,High,Low,Low,Low,3.5912362076215927,2.0,High,Medium,Artificial Intelligence
High,Medium,Medium,High,High,High,3.048268607337075,7.020743726859325,High,Low,Cyber Security
Low,Low,Medium,High,Medium,High,3.497000247046046,6.881542375976432,Low,High,Data Science
Low,High,Medium,Low,Low,Medium,4.0,2.0350252129233812,Medium,Medium,Data Science
Low,High,Medium,Medium,High,Low,2.623585543671564,7.550733700005951,Medium,High,Data Science
High,High,Low,Low,High,High,2.256603140965798,9.100104198049102,Low,Medium,Artificial Intelligence
Low,Medium,Medium,Low,High,Medium,2.0,7.06331109027273,Medium,Medium,Data Science
Low,Low,Medium,Low,Medium,Low,3.1067425239664894,10.210751012291919,Low,Medium,App Development
Medium,Medium,High,High,Low,Medium,2.5181993971617365,2.3319490101635907,Low,Low,App Development
Low,Medium,Medium,Medium,High,Medium,2.657046872065102,10.797264712097572,Low,High,Data Science
Medium,Medium,Medium,Medium,Low,Low,2.617130610644006,7.639563868285073,Low,Low,Data Science
High,High,Medium,High,Low,Low,3.7165904629255917,2.814012532936662,Medium,High,Data Science
High,High,Medium,Low,Low,Low,3.2926586898644183,11.880949475920799,High,Low,Data Science
Medium,Medium,High,High,High,Low,3.2880712818994335,6.960724402146637,Medium,Low,Web Development
Low,Medium,High,High,Low,Low,2.1668625529727636,9.104979908834295,Medium,Medium,Web Development
Medium,Medium,High,Medium,Medium,Low,3.059104359223,8.447828268129324,Low,Low,Web Development
Medium,Medium,Low,Low,Low,High,2.1585148510846888,9.728280859947688,Low,High,Data Science
High,Medium,Low,Medium,Medium,Low,2.2888936801741413,7.250449005295816,Medium,Low,Data Science
High,High,Low,High,Medium,High,2.9803922631841173,7.141188917749494,High,Medium,Data Science
Medium,Medium,High,Medium,Medium,High,3.6415256215876384,3.244595006064568,High,High,Web Development
Low,Low,Medium,Low,Low,High,3.8869010260174517,12.0,Low,Low,Data Science
High,High,Medium,Medium,High,Medium,2.7911653160214542,10.097720140651408,Low,High,Data Science
Low,High,Low,Medium,Medium,Low,2.0,6.081183382407765,High,Medium,Data Science
High,Medium,High,Medium,High,Low,2.35751763360433,4.59601662438649,Low,High,Data Science
High,High,Low,Medium,Medium,Medium,3.356892975456104,10.674198164898105,Medium,Medium,Data Science
Medium,Low,Medium,Low,High,High,2.4875238431530238,8.194789456400615,Low,Low,Cyber Security
Low,High,Medium,Low,High,Low,4.0,6.499153486373878,Medium,High,Data Science
High,High,High,Medium,High,Medium,3.735445255346584,9.512273529217431,High,High,Data Science
High,Low,Low,Medium,High,Low,4.0,9.614189604408185,Medium,Medium,Data Science
High,Medium,High,Low,High,High,4.0,2.5631854688616054,Low,High,Cyber Security
Medium,Low,High,High,Low,Medium,3.315695625652899,12.0,Low,Medium,Web Development
High,High,Low,Medium,Low,Low,2.7623653776798265,2.0,High,High,Data Science
Medium,Medium,Medium,High,Low,High,2.9194846102466334,5.4954841453474685,Medium,Low,Data Science
High,Low,Medium,Low,Medium,High,3.4435873927312137,8.653018751512263,High,Medium,Data Science
High,High,Medium,High,Low,Medium,2.0,7.557988324447605,Medium,Low,Data Science
Medium,Medium,Medium,Medium,Low,High,2.957318226085448,2.329305893480486,High,Medium,Data Science
Low,Low,Medium,Medium,Medium,Medium,3.210937069693161,12.0,High,High,Data Science
High,Medium,Medium,High,High,Medium,4.0,9.624803161940974,Medium,High,Data Science
High,Low,Medium,Low,Low,Low,2.0,7.619641420454055,Medium,High,Data Science
Low,High,Low,Medium,High,Low,4.0,6.267553761864196,High,Medium,Data Science
Medium,Medium,Low,High,Medium,High,2.473642064405174,4.827598194902997,Medium,High,Data Science
Low,High,Medium,Medium,High,Low,3.424034067105284,8.629424682244583,Medium,Low,Data Science
Low,Medium,Low,High,Low,High,3.9244752984836833,3.7403586005331473,Medium,Medium,Data Science
High,Low,Low,High,Medium,Medium,3.7121400095477317,12.0,Low,Medium,Data Science
Low,High,Low,Medium,Medium,Low,2.551127611035347,3.7059959967430234,High,Low,Data Science
Medium,High,High,Medium,Medium,Medium,2.902348145370016,7.92775823358982,Medium,High,App Development
High,Low,Low,High,Low,Medium,3.5497988744673377,6.421046003182703,High,High,Data Science
Medium,High,Low,Low,Medium,Low,2.0,2.0,Medium,High,Data Science
Low,High,Medium,Medium,Medium,Low,3.688229294790988,2.0,Medium,Medium,Data Science
Low,Low,Low,Low,Low,Medium,3.3027859199519063,4.82343590329749,High,High,Data Science
Medium,Low,High,Medium,Low,Medium,2.274199826197092,12.0,Low,High,App Development
Medium,Low,Low,Low,Low,Low,3.881972044662663,2.0,High,Low,Data Science
Low,High,Low,High,Medium,Medium,3.0269595111590055,12.0,Medium,Medium,Data Science
High,Low,Low,Medium,Medium,High,2.0,7.355401628152881,Low,Low,Data Science
Medium,High,Medium,Low,Low,Medium,3.6032271573847137,8.89282351658401,Medium,Low,Data Science
Medium,Low,High,High,Low,Low,2.349106767615806,6.137966158370552,Medium,Medium,Web Development
Medium,Medium,High,Medium,Low,High,2.626216667398112,6.256793246257075,Low,Medium,Web Development
High,Medium,Medium,Medium,Medium,High,2.173739630783649,8.241744518025026,Medium,High,Data Science
Low,Medium,High,High,Low,Medium,2.22263177926655,6.592839279795276,Medium,Low,Web Development
Low,Low,High,Medium,High,Medium,3.932493639490228,3.8366381721027127,High,Low,Web Development
High,Low,Low,Low,Medium,Medium,2.9828775970850607,4.970486538614267,Low,Medium,Data Science
High,High,High,Low,High,High,2.7098517964721123,3.701444909867986,Low,Low,Artificial Intelligence
Low,Medium,High,Low,Low,Medium,2.522749382079526,3.552119466475488,High,Low,Web Development
Low,High,Medium,Medium,Low,High,3.6025273444195216,3.068166936518452,Medium,Medium,Data Science
Low,Medium,Medium,Low,High,High,3.373335383713144,8.460053537882715,Low,Medium,Cyber Security
Low,Low,Low,Medium,Low,High,4.0,11.467571823581496,Low,Low,Data Science
Low,Medium,Medium,High,Medium,Low,3.192490855480478,2.0,High,Medium,Data Science
Medium,High,Medium,High,High,Medium,2.969558022832478,3.661760464428914,High,High,Data Science
Medium,Medium,High,Low,Medium,Low,3.048930973527388,7.667057923217849,Low,Low,Web Development
Low,High,Low,Low,High,High,4.0,7.01252871485709,Medium,Low,Artificial Intelligence
Low,Low,High,Low,Medium,Medium,3.106232630275573,6.748113139695144,High,High,Web Development
Medium,Medium,Low,Medium,High,High,2.4803150170229937,10.455337984946585,Medium,High,Cyber Security
Medium,Medium,High,Low,Low,High,2.3078829635668745,8.580717962617591,High,High,Web Development
High,High,Low,High,Medium,Medium,3.793455574593312,9.345144773675408,High,Medium,Data Science
Medium,Low,Medium,Medium,Low,Low,2.88616526719061,6.838038018732091,High,Low,Data Science
Medium,Low,Medium,High,Medium,Low,3.5119097140731146,9.589976288483182,Medium,Low,Data Science
High,Medium,High,Medium,Medium,High,3.847317026714668,6.888461844684588,High,High,Web Development
Low,Low,Medium,Medium,Medium,High,2.186534764210958,4.116653825043445,Low,High,Data Science
Medium,Medium,Low,Low,Medium,Medium,3.5102373219691003,8.152010782824824,Low,High,Data Science
Medium,Medium,Medium,Low,Low,Low,2.0,7.0775119848927375,High,Low,Data Science
Medium,High,Medium,Low,Low,High,2.6078061793328557,6.158652813841268,High,Low,Data Science
High,Low,High,Medium,Low,High,3.44371592430342,7.3387216480721555,High,Medium,Web Development
High,High,Low,Medium,Medium,High,2.0,2.0,Medium,High,Data Science
Low,Medium,Low,Medium,High,Low,4.0,7.777547877302599,Low,Medium,Data Science
Low,High,Low,Medium,High,Medium,2.0649293110196836,2.19218471707042,High,Medium,Data Science
High,Low,Medium,Low,Medium,Medium,2.869977756651508,7.528940114820467,High,Low,Data Science
Medium,Medium,High,Low,Medium,Medium,3.295370288643046,6.472186350420875,Medium,High,Web Development
Medium,High,Medium,High,High,Medium,2.860636644533058,11.182620241188538,Low,Low,Data Science
Low,High,Low,Medium,Medium,Low,2.0,12.0,High,High,Data Science
High,Low,Medium,Low,Low,Low,4.0,9.815374470654842,Medium,Medium,Data Science
Medium,Medium,High,Low,Low,High,3.7451165305097938,7.367183100610395,High,High,Web Development
Low,High,Low,High,Medium,Low,2.8792456744760244,12.0,Medium,Medium,Data Science
High,Medium,High,High,Low,High,3.6210517371316358,2.2834338272798096,High,Medium,Artificial Intelligence
Low,Low,Medium,Medium,High,High,3.749529847786735,6.638659079963389,Medium,Low,Cyber Security
High,Low,Low,High,Medium,Low,2.4898915614206025,5.786635678788744,Low,High,Data Science
Low,High,Medium,Low,Low,Medium,2.94490104249501,11.384098232980062,Medium,Medium,Data Science
High,Medium,Low,Medium,Medium,Medium,2.24734320156912,4.381767071594997,High,High,Cyber Security
Low,Medium,Medium,Low,Medium,High,2.256758672625624,10.267081809564568,High,Low,Data Science
Medium,High,Low,Medium,High,Low,4.0,8.695060327238913,Low,Low,Data Science
Medium,Low,Low,Low,Low,High,4.0,6.416217353377181,Medium,Low,Data Science
Medium,High,High,High,Low,Medium,2.991092250586575,7.913404633589169,High,Medium,App Development
Medium,Low,High,High,Low,Low,3.636516687328133,8.428021078984104,High,Medium,Web Development
Low,Low,High,Low,High,High,2.603956100238749,7.337534092884443,High,Medium,Cyber Security
Low,Medium,Medium,Low,Low,Medium,3.5541074524822083,5.327589253793407,Low,Low,Data Science
Medium,Low,Medium,Medium,Low,High,3.9241586032422884,7.015982653825088,Medium,Medium,Data Science
High,Medium,High,Medium,High,Low,3.5504959338675164,4.793266787652254,High,Low,Web Development
Medium,Low,Low,Medium,Low,Medium,2.558650240089703,7.6942188140950325,High,High,Data Science
High,Low,High,Low,Low,Low,2.875938874821362,6.777157209061928,High,High,Web Development
Medium,High,Low,Medium,Medium,Medium,2.603499532670584,8.985999034865582,Medium,Low,Data Science
Medium,Low,High,Medium,Medium,Low,2.495317621527894,6.987858176920213,Low,Low,Web Development
High,Low,Low,High,High,High,3.984801048510512,11.676981548903287,Low,Low,Cyber Security
Low,High,High,Low,High,Low,3.0585077429825227,2.16365871709513,Low,Low,App Development
High,Medium,Low,Low,Medium,Low,2.9835452023696734,9.802220693617716,Low,Low,Data Science
Medium,High,High,Medium,High,Medium,4.0,11.838152965975539,High,Low,App Development
Medium,High,Low,Medium,Medium,Medium,3.343649760438305,2.4194509116226977,Medium,Low,Data Science
High,High,High,Medium,Medium,High,2.8864310594194804,9.534784628143807,High,Low,App Development
Low,High,Medium,High,Medium,Low,2.604814420961806,4.643395612392027,High,Medium,Data Science
High,Low,Medium,High,Low,High,2.8355024945389635,10.6638190927139,Low,Low,Data Science
High,High,Low,Medium,Low,High,2.0899094799015154,12.0,High,Medium,Cyber Security
Medium,High,Medium,Low,Low,Medium,3.8536468025616317,8.650080486609184,Low,Medium,Data Science
High,Low,Medium,High,Medium,Low,3.2051851327167324,4.48850968101431,Low,Medium,Data Science
Low,Low,Low,High,High,Low,2.9695492030179262,10.073019687140807,High,Low,Data Science
High,Low,Low,Low,Medium,Medium,3.6286636916543906,3.203064036417926,High,Low,Data Science
High,Medium,High,High,Low,High,3.1788324478942123,6.056362314738257,Medium,Medium,Web Development
Low,Medium,High,Low,Medium,High,3.3842143055820855,11.981762006711593,Low,High,Web Development
Medium,Low,Low,High,Low,Low,4.0,12.0,High,Low,Data Science
Low,High,Low,Low,Low,Medium,2.0,3.9493964657599054,Low,Low,Data Science
High,High,Low,Low,High,Medium,3.8511593983863897,7.949946082509712,Medium,Medium,App Development
Medium,Medium,Medium,Medium,Low,Medium,4.0,12.0,Medium,Medium,Data Science
High,Low,Low,Low,Low,Low,4.0,10.780415098034627,Low,High,Data Science
Low,Medium,High,Medium,Low,High,3.02675481800032,11.115620612703728,High,Medium,Web Development
Low,Low,Medium,High,Low,Low,3.3027394035771644,3.0207052396867615,Low,Medium,Data Science
Low,High,Low,Medium,Low,High,3.6005019208163787,9.37632753529968,Low,Medium,Data Science
High,High,High,High,Low,Medium,4.0,5.869772673849255,Low,High,App Development
Medium,Medium,High,Low,High,Medium,3.064866621703272,10.389550591290664,Low,High,Web Development
Medium,Medium,Low,Medium,Low,High,3.432083176244221,4.780975595681433,Low,Medium,Data Science
Low,High,Low,Medium,High,Low,3.474928472816158,2.6260573940291083,Medium,Low,Data Science
Medium,Medium,Low,Low,Medium,Medium,3.0184979824963594,11.113299849794215,High,Medium,Cyber Security
High,High,Low,High,High,Medium,3.427578512718456,5.059385508713461,High,Medium,Data Science
Medium,Medium,Low,Medium,Low,Medium,3.2308896583832643,2.0,Medium,High,Data Science
Medium,Low,High,Medium,Low,Medium,4.0,7.9730032876524035,High,Medium,Web Development
Medium,High,Low,Medium,Medium,Low,2.8269913092501486,9.12894882962024,High,Medium,Data Science
Medium,High,Medium,Medium,Low,Medium,2.5929056936061343,2.0490668672922574,Medium,Low,Data Science
Low,High,High,Medium,Medium,High,2.6090554367500336,2.1213292123624914,Low,Low,Cyber Security
Low,Medium,Medium,Medium,Medium,Low,3.955831346981468,2.0,Low,Low,Data Science
Medium,Low,High,High,Low,Low,2.4520599085260777,2.0,High,High,Web Development
High,Low,Medium,High,High,High,3.75417275463214,12.0,High,High,Cyber Security
High,Medium,High,High,Low,Low,2.163876613576543,12.0,Medium,Low,Web Development
High,Low,Low,Medium,Low,High,3.2413728142570846,12.0,Medium,Medium,Data Science
Medium,High,High,High,Low,High,3.517902279096863,8.573114258139583,High,Low,App Development
Low,Low,High,Low,High,High,3.2014191442439444,5.9814522736999045,High,High,Cyber Security
Low,Medium,High,Low,High,High,2.9775598667088756,4.297334914404223,High,Medium,Cyber Security
High,Low,Low,Medium,Low,High,2.8864713092489307,11.325828057763921,Medium,High,Data Science
Low,Medium,High,High,Low,Medium,2.447251401603744,5.77319467291812,High,High,Web Development
High,High,Medium,Low,Low,Low,2.2493070791735037,9.395060627023742,Low,Low,Data Science
Medium,Medium,Low,High,Low,Low,2.826465727137812,2.223646362917543,High,Low,Data Science
High,Medium,Medium,Low,Low,Medium,2.768137723598012,3.340832444750976,Medium,Medium,Data Science
Low,Low,Low,Medium,High,Medium,2.1888898022167846,11.32114796209973,Medium,Low,Data Science
Medium,High,Medium,Medium,Medium,High,2.7918436057459557,4.006092040306829,Medium,Medium,Data Science
High,Low,High,Low,Low,Low,3.2124832855543617,4.8738763394927,Low,Low,Web Development
High,Low,Medium,Medium,High,Low,3.276528412314435,5.381292549572683,High,Medium,Data Science
Medium,High,High,Medium,Low,Medium,3.704480847190838,6.899108270882648,Low,Low,App Development
Low,Low,Medium,High,High,High,3.656024968678818,2.030204063100193,High,Medium,Cyber Security
Low,Medium,High,Low,Low,Low,2.0,4.8921577301960895,High,Low,Web Development
High,Medium,Low,Low,Medium,Medium,2.0,8.868639822478547,High,Low,Data Science
Medium,High,Low,Low,Low,Low,2.7207778893737817,3.2662426031691574,Low,Low,Data Science
Medium,Medium,Medium,Medium,High,Medium,2.6132764241440767,10.550469196214632,Low,Low,Data Science
Low,Medium,Medium,Medium,High,Low,2.225453782799002,2.6597739478812805,Medium,Medium,Data Science
High,Low,Medium,High,Low,High,2.937678108474776,7.39603912483996,Low,Medium,Data Science
Low,High,Low,High,Medium,Medium,2.71882981160101,9.082925456409576,Low,Low,Data Science
Low,Low,High,High,Medium,Low,3.7700307350182873,8.518310320605293,High,Low,Web Development
Low,High,High,High,High,High,2.7304918960486555,6.846979198546562,Low,Low,Artificial Intelligence
High,Low,Medium,Low,Medium,Low,2.668735317681096,2.8179154157101802,High,Low,Data Science
Low,High,High,High,Low,High,2.3207434320038054,2.9075111034950343,Low,High,App Development
Low,High,Medium,Medium,Medium,Medium,2.485670680539931,2.783608010805093,Low,High,Data Science
Low,Medium,Medium,Medium,High,Medium,2.6013592801690444,7.042176862451743,Low,High,Data Science
High,Medium,Medium,Low,Medium,High,3.5563845282238393,8.36671983955831,Low,Low,Data Science
Low,Low,High,Medium,Low,High,3.1696732571205866,10.96938030165401,Low,High,Web Development
High,Low,Low,High,Medium,Medium,3.456369456501289,10.158582999202176,Low,Medium,Data Science
High,High,Medium,Medium,Low,Medium,2.8456199257715706,6.239160736828307,High,High,Data Science
High,Low,Low,Low,Medium,High,2.6008558610494705,5.053862118236889,Low,High,Data Science
Medium,High,Low,High,Low,Medium,3.405071995855556,9.393143003328984,Medium,High,Data Science
High,High,Low,High,Low,Low,3.229389764057082,6.682940853946061,Low,Low,Data Science
High,High,High,Medium,Low,High,3.2720462409052082,2.0,Medium,Medium,App Development
Medium,High,High,Medium,Medium,Low,2.4562962003908977,9.133464081853607,Low,Medium,App Development
Medium,High,Low,Medium,High,High,2.3388380492744156,5.11343549761698,Low,Medium,Artificial Intelligence
Low,Low,Low,Medium,Low,Low,2.0,2.0,Low,High,Data Science
Low,Low,Medium,High,Medium,Medium,3.2622550871294718,7.654107880153154,Low,Low,Data Science
Medium,High,High,High,Medium,Medium,4.0,9.423416960284687,Low,Low,App Development
High,High,High,Medium,High,High,3.1355718038975207,6.256197714137286,Low,Medium,Artificial Intelligence
Low,Medium,Low,Medium,Low,High,3.159635413042604,2.0,Medium,Medium,Data Science
High,Medium,High,Low,High,Medium,4.0,7.942340654987216,Medium,Low,Web Development
High,Medium,Medium,Low,Low,Medium,2.7163262185559756,11.581352645696265,High,Low,Data Science
Medium,High,Low,High,Low,Medium,3.226160318360339,7.661854522680167,Low,Low,Data Science
Low,Low,Low,High,High,Medium,2.351671002869176,12.0,Low,Low,Data Science
High,High,Low,Low,High,Medium,3.1949014666088362,2.7887689205262722,High,Low,Data Science
Medium,High,Medium,Medium,Medium,Medium,2.9858508573224243,12.0,Low,Low,Data Science
Low,High,High,Medium,High,Low,2.3201390789096124,3.3558517426785386,Medium,Medium,App Development
High,High,Medium,High,High,Low,2.6503036772779893,11.024177183708593,Low,High,Data Science
Medium,Medium,Medium,High,Low,Medium,2.0,9.314616426531007,Medium,Medium,Data Science
Low,High,High,Medium,Low,Low,3.2371224891596198,2.7885701539933225,Low,Low,App Development
High,Low,Medium,Medium,High,Low,2.410433669223151,4.484190744018614,High,Low,Data Science
Low,Low,Medium,Low,High,High,2.265196893238104,5.598585160812984,Medium,Medium,Cyber Security
Medium,Low,Low,Low,Low,Low,3.54087798788858,12.0,High,Medium,App Development
Low,Low,Low,Medium,Low,Medium,3.9280854196079438,11.123022393453704,Low,High,Data Science
Low,High,High,Low,Medium,Medium,3.3452119190930256,8.064008298131533,Low,Low,App Development
High,High,Low,Low,Medium,Low,2.2615481721687987,8.493164259307633,Medium,Medium,Data Science
High,High,Low,Low,Medium,Low,2.0,3.919944285878233,Medium,Low,Data Science
High,Low,Medium,High,High,Medium,3.555959585753253,9.64456926049579,Medium,High,Data Science
Low,Low,Medium,Low,Medium,Low,3.249883396489679,12.0,Medium,Medium,Data Science
Low,Medium,High,Low,High,Low,4.0,9.273070662165473,High,Medium,Web Development
Low,High,Low,Low,High,Low,4.0,10.269356897375783,Low,High,Data Science
Medium,Medium,Low,High,High,Medium,2.775412173947648,9.369360611729817,Low,Low,Data Science
Medium,Low,High,Low,Low,High,2.463432735454561,2.0,Medium,High,Web Development
Low,Medium,Medium,Low,Medium,Low,2.9869361870827063,2.0,High,Medium,Data Science
High,Medium,High,Medium,Medium,Low,3.1027300773736903,11.40082781588885,High,Low,Web Development
Low,High,High,Medium,Low,High,4.0,2.6862114420572087,Low,High,App Development
Medium,Medium,High,High,Medium,Medium,3.032786170602817,5.90617803463612,Medium,High,Web Development
Medium,High,High,High,High,Medium,2.0,3.073305505054572,Medium,Low,App Development
Medium,Low,High,Low,High,Medium,3.462621849859092,12.0,High,Medium,Web Development
Medium,Low,Medium,Medium,Medium,Medium,3.5834902968823705,7.437906621330134,Medium,Low,Data Science
High,High,High,Low,Low,High,2.0,8.992095371611631,High,High,App Development
Medium,High,Low,High,High,Medium,2.4414249661737495,5.48640982286108,High,High,Data Science
High,High,Low,Low,Medium,Medium,2.506189785308703,5.1563786665163125,Medium,Medium,Data Science
High,Low,High,Low,High,High,2.1888102574893527,12.0,High,Medium,Cyber Security
High,Low,Low,Medium,High,Low,2.360147815855949,3.354640322315728,Low,Low,Data Science
Low,High,Low,Low,Low,High,2.3572194170293748,7.498333967089906,Medium,Medium,Data Science
Medium,Medium,Medium,Medium,Low,Medium,2.4858074390444447,9.656388283698117,Low,Low,Data Science
High,High,High,Medium,High,Medium,2.537678954081066,3.11246001880132,Low,Low,App Development
Low,Medium,Low,High,Medium,High,2.3529429146321887,9.911775544163216,High,High,Data Science
Low,Low,High,Medium,High,Low,3.6688384109492547,9.330004689802168,Low,Low,Web Development
Low,High,Low,High,High,Medium,4.0,9.712963539239713,Low,High,Data Science
Medium,Low,Medium,Low,Low,Medium,2.5257567317217227,5.855680256162474,Medium,High,Data Science
Medium,Medium,High,High,High,High,3.795575987761261,7.114026249794168,Low,Medium,Cyber Security
High,High,Low,Low,Low,Medium,3.0278373171464295,6.537184557726514,Low,High,Data Science
Low,Low,Low,High,High,Medium,2.989648592031913,10.056936852825064,High,Medium,Data Science
Low,High,High,High,Medium,Medium,3.6337592407050554,6.015671512579248,Medium,Medium,App Development
High,High,Low,Low,High,Medium,3.3103739624409934,6.076592158099267,Low,High,Data Science
Low,Low,Low,Low,High,High,4.0,11.145014674619603,Medium,Medium,Cyber Security
High,Medium,Low,Low,High,Medium,2.3155179257604637,7.270094540914229,Low,High,Data Science
Medium,Medium,Low,Low,High,Medium,4.0,6.321580665321987,Low,Medium,Data Science
Medium,Medium,High,Medium,Low,Medium,2.392687974792574,2.0,Medium,Low,Web Development
High,Medium,Medium,Low,Medium,High,4.0,4.067286821247997,Low,High,Data Science
High,Medium,High,Medium,Medium,Medium,2.0,7.112414259880644,Medium,High,Web Development
High,High,Medium,High,Low,Low,2.6730257299992193,4.793583268556635,Low,High,Data Science
Low,Low,High,High,Medium,High,3.419212243424794,9.557492752828455,Low,High,Web Development
Low,Low,Medium,High,Low,Medium,3.0506302567884434,6.446373400222159,High,Low,Data Science
Medium,High,Low,High,Medium,Medium,2.678370743667112,11.614813395618201,Low,Low,Data Science
High,Low,Medium,High,Medium,High,2.0,12.0,High,Low,Data Science
Medium,Medium,Low,Medium,Medium,Low,3.375296582777721,8.72094697671949,High,Low,Data Science
Medium,Medium,Medium,Medium,High,Low,2.7287711278979807,3.833845122862123,Medium,Low,Data Science
Medium,Low,Low,Low,Medium,Low,3.431178526048015,4.665756572427178,High,Medium,Data Science
High,Low,High,Medium,Low,Medium,3.737047390209888,5.5651599009765995,Low,Medium,Web Development
Medium,Medium,High,Low,Low,Medium,3.5043077727856455,4.502617747632906,Low,Medium,Web Development
Medium,Low,Low,Low,Low,Low,2.0,11.214691152039984,High,Medium,Data Science
High,Medium,Low,Medium,Low,High,2.8883087803224234,2.981949903276503,Low,Medium,Data Science
High,High,Low,Low,High,High,2.81222615055169,10.469755572099636,Medium,Low,Artificial Intelligence
High,Low,High,Low,Low,Low,2.952032724469653,4.325762537334826,Medium,Low,Web Development
High,High,High,Medium,Low,Low,2.0636526259529537,10.346947714970648,Medium,Low,App Development
High,Low,Low,Medium,High,Medium,2.0,6.3620431174074135,Medium,High,App Development
Low,High,Medium,High,Medium,Medium,3.935439980243605,2.0,Low,Medium,Data Science
Medium,Medium,High,High,Medium,Medium,2.0,3.7993759035052834,Medium,Medium,Web Development
Medium,High,Low,Low,Low,Low,2.574836274415019,6.697286212416342,Low,High,Data Science
High,High,Medium,High,Low,High,2.383299123048424,2.0,Medium,High,Data Science
High,Medium,High,High,Medium,Medium,2.9900601068363226,12.0,Medium,High,Web Development
Low,High,Low,Low,High,Low,2.0,11.476566142867272,High,High,Cyber Security
Medium,High,Low,Low,Low,Medium,2.0,12.0,Low,Medium,Data Science
High,High,Medium,Medium,Low,Medium,2.778660451363414,6.617666025197927,High,Low,Data Science
High,High,Low,Medium,High,High,3.0375711602506192,6.404429889270476,High,High,Artificial Intelligence
Medium,Medium,Low,Low,High,High,3.2371369768322285,2.481506358977136,Low,High,Cyber Security
Low,High,High,Medium,Medium,Medium,2.332023257758922,12.0,Low,High,App Development
Medium,High,High,Medium,Medium,Low,2.29487119081378,5.1310192912630885,High,Medium,App Development
Medium,Medium,Medium,Medium,Low,Medium,2.253563583868828,4.478474481688364,High,High,Data Science
Medium,Low,Medium,High,High,Medium,3.336484820022721,12.0,Low,Medium,Data Science
Low,High,High,Low,High,High,3.2223788387903127,8.762316769765555,High,Low,Artificial Intelligence
Medium,Medium,Medium,High,Low,High,2.073175347326409,10.57950550816549,Medium,High,Data Science
High,Medium,Low,Low,High,High,2.0,7.346362702539918,Medium,Medium,Cyber Security
Low,High,Low,High,Medium,Medium,4.0,10.723088032032456,Medium,Medium,Data Science
High,High,High,Medium,Medium,Medium,2.2776317759858644,7.551403527421268,Medium,High,App Development
Low,High,Medium,Low,Medium,Medium,3.5801372460037073,11.581953485427949,Low,Medium,Data Science
Medium,Low,High,Medium,High,Medium,2.196989955367111,2.0,Medium,High,Web Development
Low,Medium,High,High,Low,High,2.3538359751545856,3.8389531003905546,Low,Medium,Web Development
High,High,Medium,Medium,Low,Low,2.149515200233388,4.177156808841219,Low,High,Data Science
Medium,Medium,Medium,High,Low,Low,3.3770833500217123,6.339809008702812,Low,High,Data Science
Low,Medium,Low,Medium,Low,Low,2.7387538550236523,2.7893430596459625,Low,High,Data Science
High,Low,Medium,Low,High,Low,2.114749426194736,2.0,Medium,High,Data Science
Low,Low,High,Low,Low,Low,3.24209087967766,8.88920533644028,Medium,High,Web Development
Low,Medium,Medium,Medium,Medium,Medium,3.212474151424178,7.393262973291302,High,High,Data Science
Medium,High,Medium,Medium,Medium,Low,2.349039417632208,10.780434191361232,Low,High,Data Science
Low,High,High,Medium,Low,High,2.082404468900724,8.731965666654165,Medium,Low,App Development
Medium,High,Low,Medium,Medium,Medium,2.713437133722262,12.0,High,Low,Data Science
Low,High,Medium,Low,Low,Low,4.0,4.4302033738355195,Medium,Low,Data Science
Medium,Low,Low,High,Medium,Medium,2.405481980221811,12.0,Medium,High,Data Science
Medium,High,High,Medium,Low,High,3.7882784815278834,2.758103702784437,Medium,Medium,App Development
Low,Low,Medium,High,High,High,3.3756250772717684,8.839064887814054,High,High,Cyber Security
Medium,High,Medium,Medium,Medium,Medium,4.0,2.0,High,Medium,Data Science
Medium,Medium,Low,Medium,High,Medium,3.1597874557172885,4.12508339935318,High,Low,Data Science
Low,Low,Low,Low,Medium,High,2.7760412042596165,10.444762715655543,High,High,Data Science
High,High,High,Low,High,Low,2.5022297796997868,7.254333695816467,High,High,App Development
Low,High,Medium,High,High,Low,2.0,11.453927702466808,High,Medium,Data Science
Medium,Low,Medium,Low,Medium,Medium,2.4117318179336116,8.200727628770796,Medium,Low,Data Science
Medium,High,Medium,Medium,Low,Medium,3.101824627357848,5.449369451503772,High,High,Data Science
Medium,Low,Medium,Medium,Medium,High,2.5488731452011626,3.8651816637461796,Medium,Low,Data Science
Low,Low,Medium,Medium,Low,Medium,2.5267135578787365,2.0,Medium,Medium,Cyber Security
Medium,High,Medium,Medium,High,High,3.299225998192802,3.4783823760384482,Medium,High,Artificial Intelligence
Low,Low,Low,Low,Low,High,3.673570817536282,5.94868737085981,Medium,Low,Artificial Intelligence
Medium,High,High,Medium,High,Medium,4.0,9.525168206854364,High,High,App Development
Medium,Low,High,Medium,Medium,Low,2.236013679341691,2.0,Low,Low,Web Development
Low,Medium,Medium,Low,High,High,3.0899720694450132,8.116398571336504,Low,Medium,Cyber Security
High,Low,High,Medium,Low,Low,3.5786841538238088,2.0,Medium,Medium,Web Development
Low,Low,Low,Medium,Medium,Medium,2.0,8.369102606394073,Low,Medium,Data Science
High,Low,High,Medium,Low,Low,4.0,9.08421990513575,Low,Low,Web Development
Medium,Low,Medium,High,Low,Low,3.8294550218423296,7.012185776318246,High,Low,Data Science
Low,Low,Low,High,High,High,2.741376922836771,12.0,Low,Medium,Cyber Security
High,High,Low,High,Medium,High,2.424830660958196,10.416732461186287,High,Medium,Data Science
High,Low,Medium,Low,Medium,Medium,2.832190873307621,9.048125051622925,Medium,High,Data Science
Low,High,Medium,High,Low,Low,2.928600134517832,12.0,Medium,High,Data Science
Low,Low,Low,Low,Low,High,2.813088773765821,7.5567221523332755,High,Medium,Data Science
Medium,High,High,High,Medium,Medium,3.3247083202350654,6.897628567342933,Medium,High,App Development
Low,Low,Low,High,High,Medium,2.930716213090429,4.363602233155385,Medium,Low,Data Science
Low,Medium,Medium,High,High,Low,3.951484618345285,6.9932510851780965,Low,High,Data Science
Medium,High,High,Low,High,Low,2.214678715439087,4.659630754950143,Low,High,App Development
Low,High,High,Medium,Low,Medium,2.0064373081176523,2.0,Medium,High,App Development
Low,Low,High,Medium,High,Low,2.0,3.392774894913431,High,High,Web Development
Medium,Medium,Low,High,High,Medium,3.408004615160092,12.0,High,High,Data Science
Medium,High,Low,Medium,High,Low,3.844260813972414,3.176813772583695,High,High,Data Science
Medium,Medium,High,High,Low,Low,3.1245249417944807,5.955060162110524,High,Low,Web Development
High,Low,Medium,Low,Low,Low,2.975228412889919,2.7166217717329904,Low,High,Data Science
Low,Medium,High,High,Low,Low,3.884880945275432,10.612681081440561,Low,High,Web Development
Medium,High,Medium,Low,Medium,Medium,2.3605259765667945,2.0,High,High,Data Science
High,Medium,High,High,Low,Low,2.0,2.0,Low,High,Web Development
Low,High,High,High,Medium,High,2.0,6.834638628314602,Low,Medium,App Development
Low,High,Medium,Low,Low,Medium,2.4276956129128777,4.756504983233432,Medium,High,Data Science
High,Medium,Low,Medium,Medium,Medium,2.3804585938121905,10.026899486484261,High,Medium,Data Science
Medium,High,Medium,Low,Medium,High,2.991222377600724,7.2616233691095555,Low,Low,Data Science
High,High,Low,Low,High,Low,3.919666152714613,8.951626351341591,High,Low,Data Science
Medium,High,Low,Low,High,Medium,4.0,12.0,Medium,Low,Data Science
Medium,High,High,Low,Medium,Medium,2.855297359439314,8.442067391050706,High,Medium,App Development
Low,Medium,High,High,High,High,2.391680096189968,9.164195406937232,Medium,Low,Cyber Security
Medium,Low,Low,Low,High,Low,2.848688120527077,5.547031802300337,Low,High,Data Science
Medium,Medium,Medium,Medium,Low,Low,2.51529933429658,7.081121526553041,Medium,Medium,Data Science
Low,Low,High,Medium,Low,Medium,2.3483704217287413,2.0,Medium,High,Web Development
Medium,Low,Medium,Low,Medium,High,3.0475589496677404,4.177497239408372,Medium,Medium,Data Science
Low,Low,Medium,High,Medium,Medium,2.0,11.76917261186922,Medium,High,Data Science
Medium,Medium,Low,Medium,Low,Medium,3.064042473330691,6.086487056544378,High,Low,Data Science
Medium,Low,Medium,High,Medium,Low,3.6198612508607413,10.022301156427453,Medium,Low,Data Science
High,Medium,High,Low,Medium,Low,3.517841687447796,2.7607651334219776,Medium,Low,Web Development
Medium,Medium,Medium,Low,Low,High,2.5492962293886876,4.281772493822408,High,High,Data Science
Medium,Medium,Low,Medium,High,Medium,2.0,2.0,High,Low,Data Science
Medium,Medium,Low,Low,Medium,Medium,2.9069601006763413,6.646335428369563,Medium,Low,Data Science
Low,Medium,Medium,Low,Medium,Medium,2.384491900118772,8.704794827402662,Medium,Medium,Data Science
Medium,Low,High,Medium,Medium,Medium,2.04408194609892,4.067926996263516,Medium,High,Web Development
Low,High,Low,Medium,Medium,High,3.233699335658207,4.810593865466409,Medium,Low,Data Science
Low,Low,Low,Medium,Medium,Medium,2.219793317358024,12.0,High,Low,Data Science
Low,High,High,Medium,Low,Medium,3.5977222278850878,4.9345983206761765,Medium,Low,App Development
Low,High,Low,High,High,Medium,2.61314640460722,9.660166328579425,Low,Low,Data Science
Low,High,Low,Medium,High,High,3.5515540652384257,4.255475573436701,Low,Medium,Artificial Intelligence
High,Low,High,Medium,High,High,2.4578460560325706,8.944970189898726,Low,High,Cyber Security
Medium,Medium,High,High,Low,Medium,2.0,7.544503193339487,Medium,High,Web Development
Medium,High,High,Medium,High,Low,3.8549020889576413,10.32251842909574,High,Low,App Development
High,High,High,Low,High,Medium,2.74078431032895,11.085807486827456,High,High,App Development
Low,High,Low,High,Medium,High,2.0,9.79557587927644,High,Low,Data Science
Low,Low,High,Medium,Low,High,2.681552372264762,12.0,Low,Medium,Web Development
High,Medium,Medium,Low,Low,High,2.73853606359027,2.0032291216234173,High,Low,Data Science
Low,Low,High,Low,Low,Medium,3.428477306978504,8.603583799638933,Medium,Medium,Web Development
Low,Low,Low,Low,High,Medium,4.0,7.53216055676938,High,Medium,Data Science
Low,Low,High,High,High,Medium,3.5980074066420893,12.0,High,High,Web Development
High,Low,Medium,Medium,Medium,Medium,3.28329489373645,6.799691847040094,Low,High,Data Science
Medium,High,High,High,Medium,Medium,2.53216138230396,3.592652499646068,Medium,Low,App Development
Low,High,Low,Medium,High,Medium,4.0,2.244034826486878,Low,Medium,Cyber Security
High,High,High,High,High,Medium,2.9672104216506066,2.3462392919202797,Low,Medium,App Development
High,Medium,Low,Low,High,High,2.9088013310376013,9.547042216196944,High,Low,Cyber Security
Low,Medium,High,Medium,Medium,Low,2.3940615169387667,6.734731013632356,High,Medium,Web Development
Medium,Medium,High,High,Low,Low,3.2061968879637535,7.827169252466499,High,Low,Web Development
Low,Low,Low,Medium,High,Medium,3.063720906090189,2.0,Medium,Low,Data Science
High,Low,Medium,Medium,High,High,2.8872260711891484,4.985377137919043,Low,Medium,Cyber Security
High,Low,Low,Low,Medium,Medium,2.8795077595898686,2.0,Low,High,Data Science
Low,High,Medium,Low,Low,Medium,2.494887428448207,10.957265411303126,Medium,Medium,Web Development
High,High,Low,Medium,Low,Medium,4.0,6.505576641704353,Medium,Low,Data Science
Low,Medium,High,Medium,Low,Medium,3.7555623517158456,7.151519479454116,Medium,High,Web Development
Medium,Medium,High,High,High,High,3.6369882339160795,4.7680907927220995,High,Medium,Cyber Security
Medium,Medium,Medium,High,Low,Low,3.0906069610819724,10.473687794184865,Low,High,Data Science
High,Low,Medium,Low,Low,Low,2.315962313489224,9.437344885763572,Low,Low,Data Science
Low,High,High,High,Low,Medium,2.4709377324110733,6.133981434449744,High,High,App Development
High,Medium,High,Medium,High,High,2.745956844541298,11.0318784354082,High,High,Cyber Security
High,Low,High,Low,Medium,Medium,2.0,2.0,Low,Medium,Web Development
Medium,High,Low,Medium,High,Medium,2.3842432579793456,8.941894645307409,High,Medium,Data Science
High,Low,Medium,Medium,Low,Medium,3.399209189594776,8.588529359243655,High,High,Data Science
Low,Low,High,Medium,Low,Medium,3.7382186561376414,2.0,Medium,High,Web Development
Medium,Medium,Medium,Medium,Medium,High,2.773463686882081,9.58711586433326,Low,Low,Data Science
High,High,High,Low,Low,High,3.470449735595568,5.286836390753191,Low,Low,App Development
High,Low,Medium,High,Medium,Medium,3.444702790591744,4.932859964867053,Low,Low,Data Science
Medium,Medium,Low,Medium,Medium,High,2.0,11.928717035405032,Medium,High,Data Science
Low,Low,High,Medium,High,Low,2.867807279054283,8.76973636818898,High,Low,Web Development
Low,Medium,High,High,High,Medium,4.0,8.329478708914342,High,Medium,Web Development
High,Medium,Low,High,High,Medium,2.2607068771100796,8.530816846403901,High,High,Data Science
Low,Medium,High,Low,Medium,High,3.0418770216034647,2.3794951259712382,High,Low,Web Development
Low,Low,Low,High,Medium,Medium,2.949248203747207,10.401138394461885,High,High,Data Science
High,High,Medium,Low,Low,Medium,2.0,12.0,High,High,Data Science
Medium,Medium,Medium,Medium,Medium,Medium,3.2963909330531425,3.968356362043206,Low,Low,Data Science
High,High,Low,High,Medium,Medium,4.0,4.123359699695943,Low,Medium,Data Science
High,High,Medium,High,Medium,Medium,3.670933127529248,2.8576330006611457,Low,Medium,Data Science
High,Medium,High,Low,High,Medium,3.1141102931501683,12.0,High,Low,Web Development
Low,High,Medium,High,Medium,High,2.6003195502298784,11.352883110554451,High,High,Data Science
Medium,Medium,High,Medium,High,Medium,2.025077815267604,8.265944321833356,Medium,Low,Web Development
Low,Medium,Medium,Medium,Medium,High,3.045167908272122,8.34481955870256,Medium,Medium,Data Science
Medium,High,Medium,Medium,High,High,2.971958087045567,4.17228776609275,High,High,Artificial Intelligence
Low,Low,Medium,Medium,High,Low,2.685783118609696,2.0,Low,Low,Data Science
Medium,High,High,Low,Medium,Low,2.0,5.157299033010786,High,Low,App Development
High,Medium,High,High,Low,High,3.2294899128731958,11.873119608315335,Low,High,Web Development
Low,High,Medium,Medium,Medium,Low,3.1268310526434737,9.807869682172392,Medium,High,Data Science
Low,Low,Low,Low,Medium,High,3.9287699721289497,2.2741351289163236,Medium,Low,Data Science
Medium,High,Medium,Low,Medium,Medium,2.5149918005726266,7.9805385905801245,Medium,Low,Data Science
High,High,Medium,Low,Medium,Low,2.0,11.238308522010396,High,Medium,Data Science
High,Medium,Low,High,High,Low,2.0,12.0,Low,High,Data Science
High,Medium,Low,Low,High,High,3.607853369961944,2.041587415350816,Medium,High,Data Science
Medium,High,Medium,Low,Medium,Medium,2.3586502465224264,7.5439941175417315,Medium,Low,Data Science
Low,Low,Low,Low,Medium,High,4.0,2.0,Low,High,Artificial Intelligence
High,High,Medium,Medium,Low,Medium,2.8889173379111877,9.74975283829637,High,Medium,Data Science
Low,Medium,Medium,Low,Low,Medium,3.5248029600528303,6.70807164175093,Medium,Medium,Data Science
High,Medium,Medium,Low,High,High,3.3078189294024747,5.401615986699493,Medium,High,Cyber Security
Low,Low,High,High,Medium,High,2.8467174516118505,5.034512955635936,Low,Medium,Web Development
High,Medium,Low,Medium,Low,Medium,4.0,5.093342783482575,High,Low,Data Science
High,High,High,Medium,High,High,2.0,10.245340631989592,High,High,Artificial Intelligence
Low,Medium,High,High,Low,Low,2.1276726483442916,7.249356916939121,Medium,High,Web Development
Low,High,High,High,Medium,High,2.0,3.646158546232058,High,High,App Development
High,Low,Medium,High,High,High,4.0,6.495292995747425,Low,Low,Cyber Security
Medium,Low,Medium,Low,Medium,Medium,3.907182828177029,2.0,Medium,High,Data Science
High,Medium,Medium,Medium,Medium,High,3.052207664544772,5.873618382606686,High,Low,App Development
Medium,Low,Medium,High,Low,High,3.0599843131599105,12.0,Low,Medium,Data Science
Medium,High,High,Medium,Medium,High,2.2672554763508117,11.844325605974399,High,High,App Development
High,Medium,High,High,Low,Low,4.0,5.639040172818749,High,High,Artificial Intelligence
High,Low,Medium,Medium,Medium,Medium,2.5146105909876137,12.0,Medium,High,Data Science
Medium,Medium,Low,Medium,Low,Low,2.164697397302446,12.0,High,Medium,Data Science
High,High,Low,High,High,High,3.5228833119493466,9.496417899809632,Low,High,Artificial Intelligence
Low,Low,Low,Medium,High,High,3.950504615868356,8.147284807588914,Low,High,Cyber Security
Medium,High,Low,High,High,Low,3.6219420121395656,9.29689141839351,Low,High,Data Science
Medium,High,Medium,High,Low,Low,2.864762772277344,11.226540821075528,Low,High,Data Science
Medium,High,Medium,Medium,Medium,Medium,3.1457341785679978,6.123444043365266,Low,High,Data Science
Medium,Medium,High,Low,Medium,Low,4.0,10.838457869150407,High,High,Web Development
High,Medium,High,Medium,Low,High,2.9627100230774888,10.663711828922011,Low,High,Web Development
High,High,Medium,Low,Low,Medium,3.286593313319699,12.0,Low,High,Data Science
High,High,Medium,Low,Medium,High,2.4243921617844078,6.160096131429297,Medium,Low,Data Science
Low,Low,High,Medium,Low,Low,2.0,3.1053562086824975,High,Low,Web Development
Medium,Medium,High,Low,Medium,Low,2.667106539950176,11.562032723470224,Medium,Medium,Web Development
Medium,Medium,Medium,High,Low,Medium,3.6778624561443465,5.1357110210548065,High,Medium,Data Science
High,High,Low,Medium,Medium,High,3.3770957592354742,12.0,High,Low,Data Science
Medium,Low,Low,High,High,Low,2.06376768514259,12.0,Low,Medium,Data Science
High,High,Medium,Low,High,High,3.9147751597303064,2.0,Medium,Medium,Artificial Intelligence
Medium,High,High,Low,Low,Medium,2.4809960507105058,5.712900335365076,Medium,High,App Development
High,Medium,High,Low,Low,Medium,2.0,12.0,Medium,Medium,Web Development
Medium,High,High,Low,High,High,2.0,2.330449335786918,High,High,Artificial Intelligence
High,Medium,High,Low,Medium,Low,2.7425716640671154,2.1927030735160065,High,Medium,Web Development
Medium,Medium,Low,Low,High,Low,4.0,3.0897548413012945,Medium,Medium,Data Science
Low,Low,High,High,Low,Medium,2.7266589835942017,7.847198131186921,Medium,High,Web Development
High,Low,High,Medium,High,Medium,2.0,12.0,Medium,High,Artificial Intelligence
Medium,High,Low,Medium,High,Medium,2.1024606139681916,2.864934171491454,Low,High,Data Science
Medium,Medium,Medium,Medium,Low,Medium,2.742107650354936,12.0,Medium,Low,Data Science
High,High,Medium,Low,High,High,2.9745107626446967,5.824441110830858,Low,Low,Artificial Intelligence
High,Medium,Low,Low,Low,Medium,2.3702043243181974,4.840717217508569,High,Low,Cyber Security
High,Medium,Low,Low,Low,Medium,2.6684285234409466,8.904743592499468,Low,Medium,Data Science
Medium,High,Medium,Medium,High,Low,3.5671284679570276,8.875212943706241,Medium,Medium,Data Science
Medium,Medium,Low,Low,Medium,High,2.9736382151261647,3.8566141944152967,Low,Medium,Data Science
Medium,Medium,Low,Low,High,High,2.0,5.625711469990902,High,High,Cyber Security
Low,Low,High,Medium,Medium,Medium,3.832852566741093,9.971459991359726,Low,Low,Web Development
Medium,Medium,High,Low,High,High,3.804532734895661,10.374772103129501,Low,High,Cyber Security
Low,Medium,Low,Medium,High,Medium,3.7481031824067093,9.179127284037229,High,High,Data Science
Medium,Low,Medium,High,Medium,High,4.0,10.159266346427152,High,High,Data Science
Low,High,Low,Low,Low,Medium,4.0,4.6515926331643325,Medium,Medium,Data Science
Low,Low,High,Medium,Low,Medium,2.895555654722585,7.388768603154672,Low,High,Web Development
High,Low,High,High,Medium,Low,2.986737045629165,6.293667414378624,High,Medium,Web Development
Medium,High,High,High,High,Low,3.9166799016249305,7.676967686923382,High,High,App Development
Medium,Low,Medium,Medium,Low,Medium,2.479609217007244,3.409197179721941,Medium,Medium,Data Science
Medium,High,Low,Low,Low,Low,3.6069646459564733,2.336921952539228,High,Medium,Data Science
High,High,Medium,Medium,High,High,2.5079374564449988,12.0,Low,High,Web Development
Medium,Medium,Low,High,High,High,2.169042380383928,6.986914869440717,High,High,Cyber Security
High,Low,High,Medium,Medium,High,2.1778197940380286,12.0,High,High,Web Development
High,High,High,High,Low,Low,2.923168996559882,10.63423013467973,Medium,High,App Development
Medium,Medium,High,Medium,Low,Low,2.4765705293798037,2.0,Low,Medium,Web Development
Low,Low,High,Medium,Low,High,2.7536233648920008,2.0,Low,Medium,Web Development
Low,High,High,Low,Low,High,2.5782876144331177,5.784356025811135,Low,Low,App Development
High,Medium,High,Low,High,Medium,3.563577108661418,12.0,Medium,High,Web Development
Low,Low,Low,Low,High,High,3.9332151138459484,5.954263875402235,High,Medium,Cyber Security
Low,Low,Low,Low,High,Low,2.0225113912895725,5.001395535410179,High,Low,Data Science
Medium,Low,High,High,Medium,High,2.751996494291344,9.990450157543567,High,Medium,Web Development
Low,Medium,Low,Medium,High,Low,2.2945150958034946,6.681240053009105,Medium,Medium,Data Science
Medium,Low,Low,Medium,Medium,Low,3.485753425961231,7.093467136402758,Low,High,Data Science
Medium,High,High,Low,High,High,2.683042596248815,11.522135801660609,Medium,Medium,Artificial Intelligence
Low,Medium,Medium,High,Medium,Low,2.1633048837959254,11.266351176370623,Low,Low,Data Science
Low,Medium,Medium,Low,Low,High,2.0986562029598255,9.216483701912356,High,Medium,Data Science
Medium,Low,High,High,Medium,High,2.234279567002104,9.155179631002992,Low,High,Web Development
Medium,High,Medium,High,Low,Medium,2.9262441526410896,12.0,Low,Medium,Data Science
Medium,Medium,High,High,Medium,Low,2.971091656204562,10.355359061577321,High,Medium,Web Development
Low,Low,Low,Low,Medium,Low,2.104712077267086,10.434317041650992,High,High,Data Science
Low,Low,Medium,High,Low,Medium,3.3061352217118114,9.042632103844902,Medium,High,Data Science
High,High,Low,Low,Medium,Low,3.2378391965737303,12.0,High,Medium,Data Science
Low,Low,Low,Low,Low,High,3.98577754749708,7.136759374563902,High,High,Data Science
Medium,Medium,Medium,Medium,High,Low,4.0,6.807460180673219,Medium,High,Data Science
High,Medium,Medium,Low,Medium,Medium,3.1154741143913856,5.951608787218168,Low,Low,Web Development
Low,High,High,High,Low,Medium,2.0,4.192596278539744,Medium,High,App Development
High,Medium,Medium,Low,High,High,3.0046872806139584,7.6487185634432056,Low,High,Cyber Security
High,High,Low,Medium,High,Low,2.498936095554027,2.641920417680395,High,Medium,Data Science
Medium,Low,High,Low,High,High,2.8764992150861937,12.0,Low,High,Cyber Security
Low,Medium,Low,Low,Medium,Medium,2.3698373009209326,8.070765405403215,High,Medium,Data Science
High,Low,High,High,Low,Medium,2.5825895962252017,2.4023193117456785,Medium,High,Web Development
Low,Low,Medium,Medium,High,Low,2.4854799841017456,12.0,Medium,Low,Data Science
High,High,Medium,Medium,Low,High,3.99213165574302,7.482190052591845,Medium,Low,Data Science
Low,Medium,Low,Medium,Low,Low,2.47951691709046,7.17338760295055,Medium,Medium,Data Science
Medium,Medium,Medium,Low,Medium,Low,3.1696649016821237,6.050192686754951,High,Low,Data Science
High,Medium,High,Medium,Medium,Medium,3.1694683362000506,8.742594594914488,Medium,Low,Web Development
Low,Medium,High,High,Medium,High,2.607967803472132,5.308040639506504,High,Low,Web Development
Medium,Low,Low,High,High,High,2.726550628984192,2.252759159092824,Medium,Medium,Cyber Security
Low,Low,High,High,Low,Low,3.1452267803430045,8.87785799811657,Low,Low,Web Development
Low,Medium,Medium,Medium,Low,High,2.503066511121059,5.999337350788851,Low,Low,Data Science
High,Medium,High,High,High,Low,2.0,3.6445100589502974,High,Low,Web Development
Medium,Low,Low,High,Low,Medium,4.0,5.027815699317831,Low,High,Data Science
Low,Low,Medium,High,High,Low,2.167548931778505,7.359163563879196,High,Low,Data Science
Medium,High,High,High,Low,Medium,2.0,4.701260198547118,Low,Medium,App Development
High,High,Low,Medium,High,Low,2.6845046129184444,4.978374260295327,High,High,Data Science
Medium,Low,Low,Medium,High,Medium,2.0,8.26944293712354,High,Low,Data Science
High,Low,High,High,Low,Medium,2.0,6.219399683912446,Medium,Low,Web Development
Low,Low,Medium,Low,Medium,High,2.0,10.819637313857024,High,High,Data Science
High,Medium,High,Medium,Medium,Medium,3.2130049756728196,3.517484690762915,Low,High,Web Development
Medium,High,High,High,High,High,2.6397853237518585,10.345147402405463,High,High,Artificial Intelligence
High,Low,Low,High,Low,Medium,4.0,11.799763869790432,Medium,Low,Data Science
Low,Medium,Medium,Medium,Low,Low,2.949035296058139,8.734732507234853,Medium,Low,Data Science
Low,Medium,High,High,High,High,4.0,2.0,High,High,Cyber Security
High,High,Low,Medium,Medium,Medium,3.925508733601309,9.214161338573945,High,Low,Data Science
High,Low,Low,High,High,Medium,3.1716434440648036,11.759237672092807,High,High,Data Science
Medium,High,Medium,Low,Low,Medium,2.0,2.0,High,Low,Data Science
High,Low,Low,Medium,Low,High,3.649568057176036,3.6948433543008434,Low,Low,Data Science
High,Low,Medium,High,Low,High,3.1211826487875762,2.0,Medium,High,Data Science
Medium,Low,High,Low,High,Low,3.331650941008261,7.818933435391678,High,High,Web Development
High,Medium,High,Low,Low,High,2.23711382433102,12.0,High,High,Web Development
Low,High,Low,High,Medium,Medium,3.2551508807309384,4.380999359558134,Low,High,Data Science
Low,Medium,Medium,High,Low,Low,2.618193893893072,4.418903634278079,High,Medium,Data Science
High,Medium,High,Low,High,Medium,3.081527188139466,4.129027258860313,Low,High,Web Development
High,Low,Low,Medium,Medium,Low,4.0,9.026211596352166,Medium,Medium,Data Science
Medium,Medium,Low,Medium,Low,Low,2.154915803671688,2.0,High,High,Data Science
High,High,Low,Medium,Medium,Low,3.1159072889471435,6.477620961775006,High,Medium,Data Science
Medium,High,High,Medium,Low,Low,3.2516320470113573,3.2307349680261073,Medium,Medium,App Development
Low,Low,Low,Low,Medium,Medium,4.0,6.129122595910809,Low,Low,Data Science
Low,Medium,Medium,Medium,Low,High,2.378008331823661,8.171964232350064,Low,High,Data Science
Medium,Low,Medium,High,Medium,Low,3.439216966532697,9.928073109771905,Medium,High,Data Science
High,Medium,Low,High,Low,High,4.0,11.616115596562292,High,High,Data Science
High,High,Low,Medium,Low,Low,3.6801201598453197,6.734574626802681,High,Low,Data Science
High,High,Low,Low,Low,High,2.560847637298844,8.676367353590244,High,Medium,Data Science
High,Low,Medium,Medium,High,Medium,2.187922627548841,6.553068035256295,High,Low,Data Science
Medium,Low,Low,Medium,Low,High,2.3508136111924838,7.301366407763606,Low,Medium,Data Science
High,High,Low,Medium,High,Low,3.0841263778572356,7.961160788224534,Medium,Medium,Data Science
Medium,Low,Low,High,Medium,Medium,2.3487081978810798,2.0,Low,Low,Data Science
High,High,Medium,High,Low,High,3.374577818662822,6.599883803884101,Medium,Medium,Data Science
Low,High,Low,Low,Low,Low,2.9962987412065214,2.0,Low,Low,Data Science
Medium,Low,High,Low,Low,Medium,2.3980148671569377,5.892635161707291,Low,High,Web Development
High,High,High,Low,Medium,High,2.7513454919727565,2.0,Medium,Low,App Development
High,Medium,High,Low,Medium,Low,3.8527372222312883,5.900615183947152,Medium,Low,Web Development
High,Low,High,High,High,High,3.9071850325090653,9.42122674516385,Low,Low,Cyber Security
Medium,Low,Medium,Medium,High,Medium,2.0,2.791101562925057,Low,Low,Data Science
High,Low,Medium,Low,Low,High,2.150211516632149,7.662356553619979,Low,Medium,Data Science
Low,Medium,Low,Low,Medium,High,2.96759071115216,8.140104326226364,Medium,High,Data Science
Low,High,High,High,Medium,High,2.993045525105417,12.0,Medium,Low,App Development
Low,Medium,High,Low,High,Low,3.6788295102345616,2.0,Low,High,Web Development
Medium,Medium,High,Low,High,Low,2.0,6.476737965469571,Low,High,Web Development
Low,High,Low,Low,Medium,Medium,3.1133833822385384,4.95039525956486,High,Medium,Data Science
Medium,High,Low,Medium,High,Low,2.1023085338233387,12.0,Low,High,Data Science
High,Medium,Medium,High,High,Medium,2.324241098504026,5.379163233197486,High,Medium,Data Science
High,Medium,Low,Medium,Medium,Medium,2.0,5.002092185134282,Low,Low,Data Science
Medium,High,Medium,High,Medium,High,3.428383376944548,3.5935354140015257,Medium,Low,Data Science
Medium,Low,High,High,Low,High,3.234157697191833,7.3557506390618155,Medium,Low,Web Development
High,Medium,High,Medium,High,Low,2.952063373511333,2.0,Medium,Medium,Web Development
Medium,High,Low,Low,Low,High,4.0,3.3387342062870857,Low,Medium,Data Science
High,High,Low,High,High,Medium,3.035300555584028,6.022405199049961,High,Low,Data Science
Medium,High,High,Medium,Low,Low,4.0,5.7473170903259145,Medium,High,App Development
Medium,Low,Medium,Medium,High,Medium,3.6566589504404448,6.725102970744617,High,Low,Data Science
High,Medium,Low,Low,High,Medium,3.8524180618474366,10.905749094405879,High,Medium,Data Science
Low,High,Medium,Medium,Low,Medium,2.0,11.224556515977289,High,High,Data Science
Medium,Medium,Low,Medium,Low,High,3.660154939704496,12.0,Low,High,Data Science
High,Medium,Medium,Medium,High,Low,2.7121810868811136,5.279929058742786,Medium,Low,Data Science
High,High,Low,Medium,High,Low,3.7110049073226805,8.484254982143783,High,Low,Data Science
Low,Low,Low,High,Medium,Medium,4.0,2.1508672778031857,High,Medium,Data Science
Low,Low,Medium,High,Medium,High,2.4519700501376747,3.7960683762056635,High,Medium,Data Science
High,Medium,Low,Low,Low,Low,2.6146366631428384,4.5078750237401035,Medium,High,Data Science
Low,Medium,Medium,Low,Medium,Medium,2.5384117874370564,10.313506809367617,High,High,Data Science
Low,High,Low,Medium,Medium,Low,3.0125057547515186,8.341885434995628,High,Low,Data Science
Low,Medium,Medium,Medium,Medium,Medium,4.0,4.648228375135327,High,High,Data Science
Medium,Medium,High,Low,Low,High,2.906516471106116,8.246409613568972,Low,High,Web Development
Medium,Low,Medium,High,Medium,Low,3.416224278998464,6.102970752080935,Medium,Low,App Development
Low,Medium,Medium,Medium,Medium,High,3.6138759677277372,6.087204892744907,High,High,Data Science
Low,High,High,High,High,High,2.878766612052866,12.0,Medium,Low,Artificial Intelligence
High,Medium,Low,Low,Medium,Low,4.0,6.754701276531096,Low,High,Data Science
High,High,Medium,Low,Medium,High,2.7562772248133647,12.0,High,Medium,Data Science
Medium,Low,High,Low,Medium,Low,2.350904981108598,2.0,Medium,High,Web Development
Low,Low,High,Medium,High,Low,2.0,8.359954977558587,Medium,High,Web Development
Medium,Medium,High,High,Medium,Medium,2.7064314120875657,2.0,Low,Medium,Web Development
High,Low,Low,Low,Low,Medium,2.756240682224248,11.925926405903176,Low,Low,Data Science
Medium,High,Low,Medium,Medium,High,2.2727832854499765,6.1413955509654805,Low,Low,Data Science
Low,Low,High,High,Medium,High,3.890336048775339,7.615158040252289,Low,Medium,Web Development
High,Medium,Low,Low,High,Low,2.358850500466627,2.0,Medium,High,Data Science
Medium,Low,High,Medium,Low,High,2.0,8.833788854742611,Low,High,Web Development
High,Low,Medium,Low,Medium,Medium,3.700098925502981,4.990559251937995,Medium,Low,Data Science
Medium,Medium,Medium,Medium,Low,Medium,3.665292872641911,6.5201119273792045,Low,Medium,Data Science
Medium,High,Low,Medium,Low,High,3.84989522396552,10.164879505869006,Low,High,Web Development
High,High,Low,High,Low,Medium,3.0903903627773106,2.0848970010701393,Medium,Medium,Data Science
High,High,High,Medium,Low,Low,2.8469610772744525,2.3815818459002736,Medium,Medium,App Development
Low,Medium,Medium,High,High,Medium,3.8595900396142184,2.4956871888188337,Low,Medium,Data Science
Low,High,Low,Medium,High,High,3.1249171442706762,5.63834902083836,High,High,Artificial Intelligence
High,Medium,Medium,Low,Low,Low,3.1095195332420045,12.0,Medium,Medium,Data Science
High,Low,Low,Low,High,Medium,3.8848091095662918,2.0,Medium,Medium,Data Science
Low,Low,Low,Low,Medium,Medium,3.753843843581555,10.230052158294836,Medium,High,Data Science
Medium,Low,High,Medium,High,High,3.8257894185976875,5.67973440886672,High,Low,Cyber Security
Low,Medium,Medium,High,Medium,High,2.591625712089845,12.0,Medium,Medium,Data Science
Medium,Low,High,Low,Medium,High,3.0694717297958687,9.426393256475379,Low,High,Web Development
High,Medium,Medium,High,Low,Medium,3.746576426666452,9.496061336522361,High,High,Data Science
Low,High,High,Medium,Medium,Medium,2.860222423071672,6.361892128666764,Medium,Medium,App Development
Low,Medium,Medium,Medium,Medium,Medium,2.7007503486863125,7.407948286393022,Low,High,Data Science
Medium,Low,High,Medium,High,Low,3.9941591880652303,9.152014277197196,Medium,Low,Web Development
High,Medium,Medium,Medium,Low,High,2.3348780697478726,11.042623297343884,High,Low,Data Science
High,High,High,Medium,High,High,3.8891419029879986,12.0,Low,Medium,Artificial Intelligence
High,Low,Medium,Low,Low,High,2.0319776358913133,11.878678372370759,Medium,Low,Artificial Intelligence
Low,High,Medium,Low,High,Medium,2.728060388470492,2.5831864661790744,High,Medium,Data Science
Medium,High,High,Medium,Low,Medium,2.6588623556474795,2.0,High,Medium,App Development
Medium,High,High,Low,High,Low,2.0,2.3937206474881094,Low,Medium,App Development
High,Low,Medium,Medium,High,High,2.91541393826568,8.83172811398902,High,Low,Cyber Security
Medium,High,Low,Medium,Low,Medium,3.5710668858168564,6.534253302022966,Medium,Low,Data Science
Medium,Low,Low,Low,Low,High,3.410625689168261,8.017450046459867,Medium,High,Data Science
Medium,Medium,Medium,Low,Low,High,4.0,2.8376185959357336,High,Low,Data Science
Medium,High,Medium,Low,Low,Low,2.0,12.0,Medium,Low,Data Science
High,Medium,Medium,Medium,High,High,2.9065641779193205,4.033877896633122,Medium,Low,Cyber Security
Medium,High,High,High,High,Low,2.2801344708629125,4.293586023971098,Medium,Medium,App Development
High,Medium,High,Medium,Low,Low,4.0,7.224441256510849,Medium,High,Web Development
Low,Low,Low,High,Low,High,3.028277388255787,8.793678631731064,Medium,Low,Cyber Security
High,High,High,Low,High,High,2.645922269734317,5.4629387041883355,Low,Medium,Artificial Intelligence
High,Medium,Low,Low,High,Medium,3.0472198134815143,4.217615549169425,Medium,High,Data Science
Medium,Low,Low,High,High,Low,3.153525132934629,4.69636919734139,Medium,High,Data Science
Low,Medium,Medium,Low,High,Low,3.024815397811719,8.561693361515161,Medium,Low,Data Science
Medium,High,High,High,Low,Low,2.4511419946377124,2.0,Medium,High,App Development
Low,High,Medium,Medium,Low,Medium,3.7127401875326758,3.025640945697632,Low,Low,Data Science
Medium,Low,Medium,High,Low,Low,2.281355774949814,4.737486065815392,Medium,Low,Data Science
Medium,Medium,High,High,Low,Medium,4.0,6.153703765917536,High,High,Web Development
Medium,High,Low,Low,Low,High,4.0,11.550288036383844,Low,Low,App Development
High,High,Medium,Low,Low,Medium,3.6585807197801703,2.0,High,Medium,Data Science
Medium,High,Medium,High,High,Low,3.597248739299614,2.337309343933456,High,High,Data Science
Low,High,Low,Medium,Medium,Medium,3.4566922385588508,12.0,High,Low,Data Science
Medium,Low,Low,Medium,High,High,3.6897860728653558,3.8192018451143075,High,Low,Cyber Security
High,High,Low,Medium,High,High,3.098569986423366,4.82186475949254,Low,Medium,Artificial Intelligence
Low,High,Medium,High,Low,High,3.6199065914520716,3.802823735431476,Low,Medium,Data Science
Low,Low,Medium,Low,High,Medium,3.1891076955697466,10.037699245889694,Low,Low,Data Science
High,Low,Medium,Low,Low,High,2.7077747444828617,12.0,Low,Low,App Development
Low,High,Medium,Medium,Medium,Medium,2.270674026757901,8.466432262527004,Low,Low,Data Science
Medium,Low,Medium,Low,High,Medium,2.747929616623966,7.90627326782649,Medium,Low,Data Science
Medium,High,Medium,Low,Medium,Low,2.5561012174479356,3.5742483304036483,High,Low,Data Science
Low,Low,High,High,Medium,High,2.3326575563066094,6.775125250719125,Medium,Medium,Web Development
High,High,Low,Low,Medium,Low,3.68710736626826,3.7230070504122033,High,High,Data Science
Low,High,Medium,High,Medium,Low,4.0,8.71254758535868,High,Medium,Data Science
Low,High,Low,Medium,Medium,Low,2.8708229796306046,11.217119411553048,High,Low,Data Science
Medium,Low,High,High,Low,High,4.0,8.933540018711078,Low,High,Web Development
High,High,Medium,Low,Low,Low,2.0930055778872454,5.583766285454921,Low,Medium,Data Science
Medium,High,Low,Medium,High,Medium,3.3152681451737838,7.742924977122138,Medium,High,Data Science
Low,High,High,Low,Low,High,3.107409746083302,3.2363019090047214,Medium,Low,App Development
Low,High,High,Medium,Low,Low,2.6986389892188503,8.902550184518079,High,Medium,App Development
High,High,Low,Medium,Medium,Low,3.321204873092025,3.185689802282229,Medium,High,Data Science
Medium,High,Low,Medium,High,Low,4.0,8.319712783994802,Medium,Low,Data Science
Medium,Medium,Low,High,Low,Medium,2.766225632004075,6.944649718148083,Low,High,Data Science
High,High,Medium,Low,High,Low,2.504584321953909,12.0,Medium,Low,Data Science
Medium,Medium,High,High,High,Medium,3.577650069955448,9.267650303571,High,High,Web Development
Low,High,Low,High,Medium,High,2.631130007874342,8.938914401053474,Medium,Low,Data Science
High,Medium,High,Medium,Low,Low,3.384501522499091,11.85438872374337,High,Medium,Web Development
Medium,High,High,Medium,High,Medium,2.1484297367876177,4.707545380312395,High,High,App Development
Low,High,Low,High,Medium,High,2.0622614404198725,12.0,Low,Low,Data Science
Low,High,High,High,Medium,Medium,3.261306436346741,2.6127263364870403,Low,High,App Development
Medium,Medium,Medium,Medium,Low,Low,2.794508265553776,9.838308347220003,High,Medium,Data Science
Medium,High,Low,Medium,Medium,High,3.020252123994928,12.0,Medium,High,Data Science
Low,Low,Low,High,Low,Low,3.204626853125262,4.658759581846709,High,Low,Data Science
High,Medium,Low,Medium,High,Low,2.803822213447886,10.784930600128657,Low,Low,Data Science
Medium,High,High,High,High,Low,3.755707778193202,10.499906970802096,High,Medium,App Development
Medium,High,Medium,Low,Low,Medium,3.043888477859514,4.577387258559714,High,Medium,Data Science
Medium,Low,Low,Low,Low,Medium,2.4764659088777554,5.5206436775424415,Medium,Low,Data Science
High,Low,High,Low,Low,Medium,2.6514615104256496,11.731382517058904,High,High,Web Development
High,Medium,Low,Low,Low,Low,3.142127942501384,8.621616546319565,Low,Low,Data Science
Low,Low,Medium,Medium,Low,High,4.0,4.586977441104426,Medium,Low,Data Science
Medium,High,Low,Medium,Medium,Medium,4.0,5.502936053523639,Low,High,Data Science
Low,Low,Medium,High,Medium,Low,2.0,12.0,High,High,Data Science
Low,High,Medium,Medium,Medium,Low,2.1961492200320083,4.675016023928652,Medium,Low,Data Science
Low,High,High,High,Medium,High,3.1329326953624523,10.065092408683313,High,High,App Development
Medium,Medium,Low,Low,Medium,Medium,3.447228394993512,12.0,Low,Medium,Data Science
High,Low,High,High,Low,Medium,3.769272136336416,5.818067139569603,Low,High,Web Development
High,Medium,Medium,High,High,High,3.765102269383174,2.0,Low,Low,Cyber Security
Low,High,Medium,Medium,High,High,3.211526386252976,4.788590663028128,Low,Low,Artificial Intelligence
High,Medium,Low,Medium,Medium,Medium,2.0,10.57015793942253,Medium,Low,App Development
Low,Low,High,Medium,High,Low,2.0,4.383931431628518,Low,High,Cyber Security
High,High,High,Medium,Medium,High,3.3045349800290404,6.55932106453868,Low,High,App Development
Low,High,Low,Low,Medium,Low,2.2334365135631016,8.620617492239216,Medium,Medium,Data Science
Medium,Medium,High,Medium,Medium,Low,3.517278931758894,4.791367621579912,High,Low,Web Development
High,Low,Low,High,Medium,High,3.5011943504819136,7.875663946843396,Medium,Medium,Data Science
High,Low,Low,High,Low,High,2.3118939758194497,5.581556252510945,Low,High,Data Science
Medium,High,Medium,Medium,Medium,Medium,3.461788551963624,5.6331236155581,High,High,Data Science
High,Medium,Low,Low,Low,High,4.0,4.388259867007623,Low,Medium,Data Science
Medium,Low,High,Medium,Low,High,3.7134662129368103,12.0,Low,Low,Web Development
High,Low,Medium,Low,High,Low,2.094565613539839,6.231165647096464,Medium,Low,Data Science
Medium,High,Medium,High,High,High,2.625280278740889,7.531302256240156,Medium,Medium,Artificial Intelligence
High,High,Low,High,Medium,Medium,3.952080438534536,5.815071481694211,Low,High,Data Science
High,Medium,Medium,Medium,Medium,Medium,3.2409457448131556,2.947188486082146,Medium,Medium,Data Science
Medium,Low,High,High,High,Medium,4.0,11.560322317639212,High,Medium,Web Development
Medium,High,High,Low,Medium,Medium,3.401964092662982,3.3807929601567075,High,Medium,App Development
Medium,High,High,Medium,Low,High,3.32035395460647,11.848122088928179,Low,High,App Development
Low,Medium,Medium,Low,High,High,3.055327415346154,9.052321305858168,High,Medium,Cyber Security
High,High,Medium,High,Medium,Medium,3.824351790291454,2.0,High,Medium,Data Science
Medium,High,Medium,Medium,Medium,Low,4.0,3.0925684960073996,High,High,Data Science
Medium,Low,Medium,Medium,Low,Medium,3.893637015553648,6.0128445396218755,High,Low,Data Science
High,Low,Low,High,Low,Medium,4.0,2.0,High,Low,Data Science
Low,Medium,High,High,Medium,High,4.0,10.780780392148337,Medium,Medium,Web Development
Low,Low,Medium,Low,Low,Low,3.3410794955187626,2.0,High,Medium,Data Science
Low,High,Low,Low,Low,Medium,4.0,4.2599779402357445,Medium,Medium,Data Science
Medium,High,High,High,Medium,Low,2.0,3.482407874665795,Medium,Medium,App Development
High,Medium,Medium,Low,Medium,Low,3.4833568432166615,12.0,Medium,Low,Data Science
Low,High,High,Low,High,Medium,4.0,8.121838895882478,Low,Medium,App Development
Medium,Medium,Medium,Low,Medium,High,3.331532164506382,2.0,High,Low,Data Science
High,Medium,Medium,Low,Medium,High,2.404336654436451,12.0,Medium,Medium,Data Science
Medium,Medium,Low,Medium,High,Medium,2.30333059383632,2.33236102048798,Low,Medium,Data Science
High,High,High,Medium,Medium,High,2.554372411467408,12.0,High,High,App Development
Medium,Low,Low,Medium,High,Medium,3.509225931303649,7.739284384396187,Low,Low,Data Science
High,Medium,Medium,High,High,Medium,3.495549534009952,2.7853957119915425,Medium,Medium,Data Science
Low,Medium,High,Medium,Low,Medium,2.5332182740780738,4.895433851620556,Low,High,Web Development
High,Medium,Medium,High,Low,Medium,3.10007192951004,5.858247695863001,Low,High,Data Science
Low,High,High,High,Medium,High,2.8131267830136104,7.74646506218039,Medium,Medium,App Development
Low,Low,High,Low,Medium,Medium,2.9127420905705375,2.0,Low,Medium,Web Development
Medium,Low,High,Low,Medium,High,4.0,3.285886189527414,High,High,Web Development
Low,Medium,Low,High,Medium,Medium,3.1261108825235,12.0,Low,Medium,Data Science
Low,Medium,Low,High,Low,High,2.74957516383197,12.0,Low,Medium,Data Science
Medium,Low,Low,High,Low,Low,2.344691841855378,10.276102202881512,Low,Medium,Data Science
High,Low,High,Medium,High,High,4.0,8.001688949888914,Low,High,Cyber Security
High,Low,High,High,Low,Medium,2.632352233806524,6.3978845316945225,Medium,High,Web Development
Low,High,High,Medium,High,Low,2.7895107628851696,4.914652400531956,Low,High,App Development
High,Low,High,High,Medium,High,2.813948254858269,2.0,Medium,Low,Web Development
Low,Medium,High,Low,Low,High,2.7133045615781795,6.758304803497769,Medium,Low,Web Development
Low,Medium,Low,Medium,High,Medium,2.346783192724736,4.66371236283042,Medium,High,Data Science
Medium,Low,Low,Medium,Medium,Low,3.887044996449154,9.055818844605746,High,High,Data Science
Medium,High,Low,Low,Low,Low,3.8568158749298855,7.041400379248423,Low,High,Data Science
Medium,Low,High,High,Low,High,2.0,8.495820512235067,Medium,High,Artificial Intelligence
High,Medium,High,Low,Low,Medium,3.256484837073438,2.0,Low,Low,Web Development
Low,Low,Medium,Low,High,Medium,2.049939592530413,8.4784937282223,Low,High,Data Science
Medium,Medium,Medium,Low,Medium,High,3.5275233144624214,7.148165339499947,High,High,Data Science
Medium,High,Low,Low,Low,Low,2.188406547608113,2.0,Medium,High,Data Science
High,Medium,Medium,Medium,Medium,High,2.220539076364206,2.0,Low,Medium,Data Science
High,Medium,Low,Medium,Low,High,3.6286059375322606,6.427991556239778,Low,High,Data Science
Medium,Low,Medium,Medium,Low,High,3.5727620146171706,11.201919269997141,Low,Low,Data Science
Low,Low,Medium,Low,High,Low,3.3671248694635056,11.916694908441185,Low,High,Data Science
Medium,Low,Medium,Low,Medium,Low,2.0,3.5409008110951667,High,Low,Data Science
Low,Low,Medium,High,High,Medium,3.050578534720295,5.993398446473044,Low,Medium,Data Science
High,High,Medium,Low,Medium,Medium,3.1359930497918778,2.0,High,High,Data Science
High,High,Low,Low,Medium,Medium,2.750597021689959,10.788103291391728,Low,Medium,Data Science
Medium,Low,High,Low,High,Low,2.9800072250266663,12.0,Medium,Medium,Web Development
High,High,Low,High,Medium,High,2.5689728878236946,2.0,Medium,Medium,Data Science
Low,Medium,Medium,Medium,High,High,3.0293835914346436,4.5074793229891466,Low,Low,Cyber Security
High,Low,Low,Low,Medium,High,3.764178223649677,6.935386343530867,Low,Medium,Data Science
Low,High,High,High,Low,Medium,3.7019003568855995,10.171572649878694,Low,High,App Development
Low,Low,Low,Low,Medium,High,2.2579606846316356,5.195966306941791,Low,High,Cyber Security
Low,Medium,High,Medium,High,High,2.3998478006645527,8.616101079008203,Medium,High,Cyber Security
Medium,Low,High,Low,Medium,Low,3.8362286641400725,5.216702865156417,Low,High,Web Development
Medium,Medium,Medium,Low,High,High,3.00510058897933,7.538253882490215,Low,Medium,Cyber Security
Medium,High,Low,Medium,High,Medium,2.1604120681103085,3.3136154490051792,Low,Medium,Data Science
Low,High,High,Low,High,High,4.0,11.243143779712103,Medium,Medium,Artificial Intelligence
High,Low,Medium,Low,Medium,High,2.674957616836924,5.260779327912733,Medium,Medium,Data Science
Low,Medium,Medium,High,Medium,Low,3.2172374145376303,6.754200787804374,Medium,Low,Data Science
High,High,Medium,High,Low,Medium,2.0,2.9414743726300436,Medium,High,Data Science
Low,Low,Medium,Medium,Medium,Low,2.1372069918222505,12.0,Low,Medium,Cyber Security
High,High,Medium,High,High,High,2.2916697246613458,6.897212552823028,Low,Medium,Artificial Intelligence
Medium,Medium,Medium,Medium,High,High,2.599381971071835,2.0,High,Medium,Cyber Security
Low,Medium,High,Low,High,High,3.7460276982571483,11.523843001427984,Medium,Low,Cyber Security
Medium,Low,Medium,Low,Low,High,2.634230287904778,5.188535398274762,Low,Medium,Data Science
Low,High,Medium,Low,Low,High,4.0,3.69246732270236,High,Low,Data Science
High,Low,High,Medium,Medium,High,3.3189244108037146,4.808677411913015,High,High,Web Development
High,Low,Medium,High,Medium,Low,2.868647915794064,8.748876186341635,Low,Medium,Data Science
Low,Low,High,Low,Low,Low,4.0,3.7286515720426086,Medium,Medium,Cyber Security
High,Medium,High,Medium,Low,High,2.308376609576892,8.275497067319987,Medium,Medium,Web Development
Medium,Medium,Low,High,Low,Medium,3.314883640116102,9.112113618132103,Low,Medium,Data Science
Low,Medium,Medium,High,Low,High,3.3438542800086575,10.44647782825832,Low,Low,Data Science
Low,Medium,Low,Low,Low,Low,4.0,8.890211998767427,High,Medium,Data Science
Low,High,Low,High,High,High,3.334576265066216,4.5711081497153145,Medium,High,Artificial Intelligence
Low,Low,High,High,Medium,High,2.548260584850735,8.042244856758677,Low,Low,Web Development
High,Low,Medium,High,Medium,Low,2.974501878794256,3.2904311719001136,Medium,Medium,Data Science
High,Low,Medium,High,High,High,2.9151321528563865,3.111208932006897,Medium,High,Cyber Security
High,High,High,Medium,Medium,Medium,4.0,4.179161362510497,High,Medium,App Development
High,High,High,Medium,Low,High,2.791803848970365,3.605323159385348,High,High,App Development
Medium,High,Medium,High,High,Low,4.0,9.697453432692978,Low,High,Web Development
Low,Medium,High,High,Medium,Low,3.4599210246778287,11.610183439294639,High,High,Web Development
High,High,Low,Medium,Medium,High,3.044612448940976,12.0,Medium,Medium,Data Science
High,Low,High,Medium,Low,High,2.344052207455394,6.187113444561724,High,High,Web Development
High,Low,High,Medium,Medium,High,2.0,6.119222730671439,High,Medium,Web Development
Medium,High,High,Low,Low,Low,2.430321774494362,12.0,Medium,High,App Development
Medium,Medium,High,Medium,Low,High,2.7436880103488046,3.3894723894375494,Medium,High,Web Development
Low,Low,Medium,Medium,Medium,Medium,2.9369082833926106,10.962582487108204,High,Medium,Data Science
High,Medium,High,Medium,Low,Low,2.0,6.222963093822228,High,High,Web Development
Medium,Low,Low,High,Low,Medium,3.153846840375461,11.248225439972028,High,High,Data Science
Low,High,Low,Low,High,Medium,2.3380603366855217,11.895052924245713,High,Low,Cyber Security
High,High,Medium,Medium,Medium,Low,2.0480485882571386,8.454244664352782,High,High,App Development
Medium,High,Medium,High,High,Low,3.4002073280721485,3.81410457424907,Medium,Low,Data Science
High,Medium,High,Medium,Medium,Medium,2.5229000793254164,7.056686530917428,Low,Medium,Web Development
Medium,Medium,Medium,Medium,Low,High,2.2927287808924826,7.240763670422139,Medium,Low,Data Science
High,Medium,High,High,High,Low,2.0,2.0,Medium,High,Web Development
Low,High,Low,Low,Medium,High,3.2161443219290105,6.724786944765517,Medium,Medium,Data Science
High,High,Medium,Low,High,Medium,2.5881987304547156,3.9062500907521738,Low,Low,Data Science
Low,Medium,Low,Medium,Medium,Medium,2.0,7.026170840194586,Medium,High,Data Science
Low,High,High,High,Medium,High,4.0,7.450191573695994,Low,High,App Development
Low,Low,Medium,High,Medium,High,3.708681145287836,7.032356574229918,Medium,Low,Data Science
Medium,Low,High,High,High,Low,3.659517913085168,10.717036809554095,Low,Medium,Web Development
Medium,High,Medium,Medium,High,Medium,3.5934429194972655,11.86384508934788,High,Medium,Data Science
Medium,Low,High,Medium,Medium,Medium,2.1041914039737764,12.0,Low,Low,App Development
High,Low,Medium,High,Low,Medium,2.479132565787855,11.508582659627148,High,Low,Data Science
Low,Medium,Medium,Low,Medium,High,2.7564113087397013,8.377826742949285,Low,Medium,Data Science
Low,Medium,High,Medium,High,Medium,2.0,7.416607694402128,Medium,Medium,Web Development
High,Low,High,Low,High,Low,2.599189995052542,4.702896415083165,Low,High,Web Development
Medium,High,Medium,Medium,Low,Low,3.6294498535570234,8.140300476632856,Medium,High,Data Science
High,Medium,High,Medium,Low,Medium,4.0,7.9469574815018795,Medium,Low,Web Development
Medium,Low,Medium,High,High,Medium,3.8104214306335056,9.236250697544563,Low,Medium,Data Science
Low,High,Low,Low,Low,Low,3.4544105051086014,2.673866072112472,High,High,Data Science
Medium,High,High,High,High,High,3.58629139067808,8.5101947103871,High,Medium,Artificial Intelligence
